

 -------------------------------------------------------- Script shot in 2021-09-08 05:25:11.808958 ------------------------------------------------------------------------------------------ 

 INSERT INTO public."Property"(partner_id, partner_code, type_id, district_id, city_id, goal_id, "number", street, size, bedroom_number, room_number, bath_number, parking_number, new_ad) 
                      VALUES (5703528, '344262', 1, 2, 1, 1, '', 'Rua Henrique Furtado Portugal', 60, 3, 0, 2, 1, True); INSERT INTO public."Management"(partner_id, price, tax_rate, property_tax, created_on, is_available) VALUES ('5703528', 300000, 92, 220, '2021-09-08 01:02:23.352226', True); 
INSERT INTO public."Property"(partner_id, partner_code, type_id, district_id, city_id, goal_id, "number", street, size, bedroom_number, room_number, bath_number, parking_number, new_ad) 
                      VALUES (5703471, '347109', 1, 2, 1, 1, '', 'Rua Jose Hemeterio Andrade', 115, 3, 0, 2, 2, True); INSERT INTO public."Management"(partner_id, price, tax_rate, property_tax, created_on, is_available) VALUES ('5703471', 568200, 0, 550, '2021-09-08 01:02:23.461598', True); 
INSERT INTO public."Property"(partner_id, partner_code, type_id, district_id, city_id, goal_id, "number", street, size, bedroom_number, room_number, bath_number, parking_number, new_ad) 
                      VALUES (5703467, '341363', 1, 2, 1, 1, '', 'Rua Ulisses Marcondes Escobar', 64, 2, 0, 2, 1, True); INSERT INTO public."Management"(partner_id, price, tax_rate, property_tax, created_on, is_available) VALUES ('5703467', 380000, 139, 270, '2021-09-08 01:02:23.586599', True); 
INSERT INTO public."Property"(partner_id, partner_code, type_id, district_id, city_id, goal_id, "number", street, size, bedroom_number, room_number, bath_number, parking_number, new_ad) 
                      VALUES (5703464, '342327', 1, 2, 1, 1, '', 'Avenida Senador Jose Augusto', 128, 4, 0, 3, 3, True); INSERT INTO public."Management"(partner_id, price, tax_rate, property_tax, created_on, is_available) VALUES ('5703464', 1200000, 270, 1100, '2021-09-08 01:02:23.794384', True); 
INSERT INTO public."Property"(partner_id, partner_code, type_id, district_id, city_id, goal_id, "number", street, size, bedroom_number, room_number, bath_number, parking_number, new_ad) 
                      VALUES (5703401, '341361', 1, 2, 1, 1, '', 'Rua Paulo Diniz Carneiro', 135, 3, 0, 2, 2, True); INSERT INTO public."Management"(partner_id, price, tax_rate, property_tax, created_on, is_available) VALUES ('5703401', 797831, 159, 350, '2021-09-08 01:02:23.904856', True); 
INSERT INTO public."Property"(partner_id, partner_code, type_id, district_id, city_id, goal_id, "number", street, size, bedroom_number, room_number, bath_number, parking_number, new_ad) 
                      VALUES (5703389, '345496', 1, 2, 1, 1, '', 'Rua Henrique Furtado Portugal', 67, 3, 0, 2, 1, True); INSERT INTO public."Management"(partner_id, price, tax_rate, property_tax, created_on, is_available) VALUES ('5703389', 297873, 82, 350, '2021-09-08 01:02:24.014232', True); 
INSERT INTO public."Property"(partner_id, partner_code, type_id, district_id, city_id, goal_id, "number", street, size, bedroom_number, room_number, bath_number, parking_number, new_ad) 
                      VALUES (5703354, '344585', 1, 2, 1, 1, '', 'Rua Silvio Menicucci', 47, 2, 0, 1, 1, True); INSERT INTO public."Management"(partner_id, price, tax_rate, property_tax, created_on, is_available) VALUES ('5703354', 340000, 0, 0, '2021-09-08 01:02:24.123607', True); 
INSERT INTO public."Property"(partner_id, partner_code, type_id, district_id, city_id, goal_id, "number", street, size, bedroom_number, room_number, bath_number, parking_number, new_ad) 
                      VALUES (5703346, '346216', 1, 2, 1, 1, '', 'Rua Tito Guimaraes', 142, 4, 0, 3, 3, True); INSERT INTO public."Management"(partner_id, price, tax_rate, property_tax, created_on, is_available) VALUES ('5703346', 1200000, 380, 1066, '2021-09-08 01:02:24.232979', True); 
INSERT INTO public."Property"(partner_id, partner_code, type_id, district_id, city_id, goal_id, "number", street, size, bedroom_number, room_number, bath_number, parking_number, new_ad) 
                      VALUES (5703546, '343248', 1, 3, 1, 1, '', 'Rua Henrique Gorceix', 54, 2, 0, 1, 1, True); INSERT INTO public."Management"(partner_id, price, tax_rate, property_tax, created_on, is_available) VALUES ('5703546', 233200, 0, 250, '2021-09-08 01:03:17.752151', True); 
INSERT INTO public."Property"(partner_id, partner_code, type_id, district_id, city_id, goal_id, "number", street, size, bedroom_number, room_number, bath_number, parking_number, new_ad) 
                      VALUES (5703465, '346221', 1, 3, 1, 1, '', 'Rua Aquidaban', 70, 3, 0, 2, 1, True); INSERT INTO public."Management"(partner_id, price, tax_rate, property_tax, created_on, is_available) VALUES ('5703465', 350000, 75, 140, '2021-09-08 01:03:17.861525', True); 
INSERT INTO public."Property"(partner_id, partner_code, type_id, district_id, city_id, goal_id, "number", street, size, bedroom_number, room_number, bath_number, parking_number, new_ad) 
                      VALUES (5703380, '342655', 1, 3, 1, 1, '', 'Rua Riachuelo', 88, 2, 0, 1, 2, True); INSERT INTO public."Management"(partner_id, price, tax_rate, property_tax, created_on, is_available) VALUES ('5703380', 350000, 85, 460, '2021-09-08 01:03:17.970900', True); 
INSERT INTO public."Property"(partner_id, partner_code, type_id, district_id, city_id, goal_id, "number", street, size, bedroom_number, room_number, bath_number, parking_number, new_ad) 
                      VALUES (5703560, '340746', 1, 7, 1, 1, '', 'Rua Coqueiro', 73, 3, 0, 1, 2, True); INSERT INTO public."Management"(partner_id, price, tax_rate, property_tax, created_on, is_available) VALUES ('5703560', 280000, 100, 220, '2021-09-08 01:06:49.687543', True); 
INSERT INTO public."Property"(partner_id, partner_code, type_id, district_id, city_id, goal_id, "number", street, size, bedroom_number, room_number, bath_number, parking_number, new_ad) 
                      VALUES (5703524, '344597', 1, 7, 1, 1, '', 'Rua Salitre', 70, 3, 0, 2, 2, True); INSERT INTO public."Management"(partner_id, price, tax_rate, property_tax, created_on, is_available) VALUES ('5703524', 380000, 120, 200, '2021-09-08 01:06:49.796932', True); 
INSERT INTO public."Property"(partner_id, partner_code, type_id, district_id, city_id, goal_id, "number", street, size, bedroom_number, room_number, bath_number, parking_number, new_ad) 
                      VALUES (5703491, '345820', 1, 7, 1, 1, '', 'Rua Mario de Lima', 94, 3, 0, 2, 2, True); INSERT INTO public."Management"(partner_id, price, tax_rate, property_tax, created_on, is_available) VALUES ('5703491', 500000, 109, 300, '2021-09-08 01:06:49.906307', True); 
INSERT INTO public."Property"(partner_id, partner_code, type_id, district_id, city_id, goal_id, "number", street, size, bedroom_number, room_number, bath_number, parking_number, new_ad) 
                      VALUES (5703539, '347105', 1, 14, 1, 1, '', 'Rua Venezuela', 79, 2, 0, 2, 2, True); INSERT INTO public."Management"(partner_id, price, tax_rate, property_tax, created_on, is_available) VALUES ('5703539', 630000, 304, 950, '2021-09-08 01:13:31.326247', True); 
INSERT INTO public."Property"(partner_id, partner_code, type_id, district_id, city_id, goal_id, "number", street, size, bedroom_number, room_number, bath_number, parking_number, new_ad) 
                      VALUES (5703403, '344898', 1, 14, 1, 1, '', 'Praca Miguel Chiquiloff', 95, 3, 0, 2, 2, True); INSERT INTO public."Management"(partner_id, price, tax_rate, property_tax, created_on, is_available) VALUES ('5703403', 590000, 0, 700, '2021-09-08 01:13:31.435665', True); 
INSERT INTO public."Property"(partner_id, partner_code, type_id, district_id, city_id, goal_id, "number", street, size, bedroom_number, room_number, bath_number, parking_number, new_ad) 
                      VALUES (5703398, '347110', 1, 14, 1, 1, '', 'Rua La Plata', 140, 3, 0, 2, 2, True); INSERT INTO public."Management"(partner_id, price, tax_rate, property_tax, created_on, is_available) VALUES ('5703398', 720000, 220, 600, '2021-09-08 01:13:31.544998', True); 
INSERT INTO public."Property"(partner_id, partner_code, type_id, district_id, city_id, goal_id, "number", street, size, bedroom_number, room_number, bath_number, parking_number, new_ad) 
                      VALUES (5703571, '345818', 1, 15, 1, 1, '', 'Rua Bernardo Guimaraes', 32, 1, 0, 1, 1, True); INSERT INTO public."Management"(partner_id, price, tax_rate, property_tax, created_on, is_available) VALUES ('5703571', 320000, 134, 649, '2021-09-08 01:14:37.673068', True); 
INSERT INTO public."Property"(partner_id, partner_code, type_id, district_id, city_id, goal_id, "number", street, size, bedroom_number, room_number, bath_number, parking_number, new_ad) 
                      VALUES (5703552, '344590', 1, 15, 1, 1, '', 'Rua Bernardo Guimaraes', 48, 1, 0, 1, 1, True); INSERT INTO public."Management"(partner_id, price, tax_rate, property_tax, created_on, is_available) VALUES ('5703552', 318000, 0, 1200, '2021-09-08 01:14:37.782443', True); 
INSERT INTO public."Property"(partner_id, partner_code, type_id, district_id, city_id, goal_id, "number", street, size, bedroom_number, room_number, bath_number, parking_number, new_ad) 
                      VALUES (5703508, '347601', 1, 15, 1, 1, '', 'Rua Sao Paulo', 123, 2, 0, 3, 3, True); INSERT INTO public."Management"(partner_id, price, tax_rate, property_tax, created_on, is_available) VALUES ('5703508', 2250000, 384, 900, '2021-09-08 01:14:37.891818', True); 
INSERT INTO public."Property"(partner_id, partner_code, type_id, district_id, city_id, goal_id, "number", street, size, bedroom_number, room_number, bath_number, parking_number, new_ad) 
                      VALUES (5703499, '345495', 1, 15, 1, 1, '', 'Rua Santa Catarina', 97, 3, 0, 2, 1, True); INSERT INTO public."Management"(partner_id, price, tax_rate, property_tax, created_on, is_available) VALUES ('5703499', 1100000, 240, 970, '2021-09-08 01:14:38.001193', True); 
INSERT INTO public."Property"(partner_id, partner_code, type_id, district_id, city_id, goal_id, "number", street, size, bedroom_number, room_number, bath_number, parking_number, new_ad) 
                      VALUES (5703461, '341983', 1, 15, 1, 1, '', 'Rua Sao Paulo', 33, 1, 0, 1, 1, True); INSERT INTO public."Management"(partner_id, price, tax_rate, property_tax, created_on, is_available) VALUES ('5703461', 350000, 92, 590, '2021-09-08 01:14:38.110568', True); 
INSERT INTO public."Property"(partner_id, partner_code, type_id, district_id, city_id, goal_id, "number", street, size, bedroom_number, room_number, bath_number, parking_number, new_ad) 
                      VALUES (5703405, '341362', 1, 15, 1, 1, '', 'Rua Curitiba', 70, 2, 0, 2, 2, True); INSERT INTO public."Management"(partner_id, price, tax_rate, property_tax, created_on, is_available) VALUES ('5703405', 850000, 0, 750, '2021-09-08 01:14:38.235572', True); 
INSERT INTO public."Property"(partner_id, partner_code, type_id, district_id, city_id, goal_id, "number", street, size, bedroom_number, room_number, bath_number, parking_number, new_ad) 
                      VALUES (5703544, '344593', 1, 16, 1, 1, '', 'Rua Augusto Moreira', 89, 3, 0, 1, 1, True); INSERT INTO public."Management"(partner_id, price, tax_rate, property_tax, created_on, is_available) VALUES ('5703544', 280000, 61, 150, '2021-09-08 01:16:12.565022', True); 
INSERT INTO public."Property"(partner_id, partner_code, type_id, district_id, city_id, goal_id, "number", street, size, bedroom_number, room_number, bath_number, parking_number, new_ad) 
                      VALUES (5703523, '342319', 1, 16, 1, 1, '', 'Rua Comendador Teixeira da Costa', 43, 2, 0, 1, 1, True); INSERT INTO public."Management"(partner_id, price, tax_rate, property_tax, created_on, is_available) VALUES ('5703523', 165000, 0, 240, '2021-09-08 01:16:12.769302', True); 
INSERT INTO public."Property"(partner_id, partner_code, type_id, district_id, city_id, goal_id, "number", street, size, bedroom_number, room_number, bath_number, parking_number, new_ad) 
                      VALUES (5703410, '342322', 1, 16, 1, 1, '', 'Rua Triangulo Mineiro', 67, 3, 0, 1, 1, True); INSERT INTO public."Management"(partner_id, price, tax_rate, property_tax, created_on, is_available) VALUES ('5703410', 300000, 65, 140, '2021-09-08 01:16:12.878644', True); 
INSERT INTO public."Property"(partner_id, partner_code, type_id, district_id, city_id, goal_id, "number", street, size, bedroom_number, room_number, bath_number, parking_number, new_ad) 
                      VALUES (5703397, '342963', 1, 16, 1, 1, '', 'Rua Deputado Salim Nacur', 73, 3, 0, 2, 2, True); INSERT INTO public."Management"(partner_id, price, tax_rate, property_tax, created_on, is_available) VALUES ('5703397', 436000, 117, 582, '2021-09-08 01:16:12.988018', True); 
INSERT INTO public."Property"(partner_id, partner_code, type_id, district_id, city_id, goal_id, "number", street, size, bedroom_number, room_number, bath_number, parking_number, new_ad) 
                      VALUES (5703530, '343252', 1, 21, 1, 1, '', 'Rua Porto Carreiro', 115, 3, 0, 2, 2, True); INSERT INTO public."Management"(partner_id, price, tax_rate, property_tax, created_on, is_available) VALUES ('5703530', 425000, 250, 560, '2021-09-08 01:19:49.636484', True); 
INSERT INTO public."Property"(partner_id, partner_code, type_id, district_id, city_id, goal_id, "number", street, size, bedroom_number, room_number, bath_number, parking_number, new_ad) 
                      VALUES (5703496, '347111', 1, 21, 1, 1, '', 'Rua Herculano de Freitas', 120, 3, 0, 1, 1, True); INSERT INTO public."Management"(partner_id, price, tax_rate, property_tax, created_on, is_available) VALUES ('5703496', 570000, 138, 230, '2021-09-08 01:19:49.745857', True); 
INSERT INTO public."Property"(partner_id, partner_code, type_id, district_id, city_id, goal_id, "number", street, size, bedroom_number, room_number, bath_number, parking_number, new_ad) 
                      VALUES (5703442, '346220', 1, 21, 1, 1, '', 'Rua Afonso Xiii', 105, 2, 0, 1, 1, True); INSERT INTO public."Management"(partner_id, price, tax_rate, property_tax, created_on, is_available) VALUES ('5703442', 340000, 0, 250, '2021-09-08 01:19:49.855232', True); 
INSERT INTO public."Property"(partner_id, partner_code, type_id, district_id, city_id, goal_id, "number", street, size, bedroom_number, room_number, bath_number, parking_number, new_ad) 
                      VALUES (5703421, '344259', 1, 21, 1, 1, '', 'Rua Andre Cavalcanti', 88, 2, 0, 1, 1, True); INSERT INTO public."Management"(partner_id, price, tax_rate, property_tax, created_on, is_available) VALUES ('5703421', 315000, 127, 370, '2021-09-08 01:19:49.964611', True); 
INSERT INTO public."Property"(partner_id, partner_code, type_id, district_id, city_id, goal_id, "number", street, size, bedroom_number, room_number, bath_number, parking_number, new_ad) 
                      VALUES (5703494, '341072', 1, 22, 1, 1, '', 'Avenida Fleming', 300, 4, 0, 4, 4, True); INSERT INTO public."Management"(partner_id, price, tax_rate, property_tax, created_on, is_available) VALUES ('5703494', 2400000, 791, 2212, '2021-09-08 01:20:44.084430', True); 
INSERT INTO public."Property"(partner_id, partner_code, type_id, district_id, city_id, goal_id, "number", street, size, bedroom_number, room_number, bath_number, parking_number, new_ad) 
                      VALUES (5703478, '340749', 1, 22, 1, 1, '', 'Rua Professor Domicio Murta', 80, 3, 0, 2, 1, True); INSERT INTO public."Management"(partner_id, price, tax_rate, property_tax, created_on, is_available) VALUES ('5703478', 440000, 100, 600, '2021-09-08 01:20:44.209429', True); 
INSERT INTO public."Property"(partner_id, partner_code, type_id, district_id, city_id, goal_id, "number", street, size, bedroom_number, room_number, bath_number, parking_number, new_ad) 
                      VALUES (5703374, '346799', 1, 22, 1, 1, '', 'Avenida Fleming', 300, 4, 0, 5, 4, True); INSERT INTO public."Management"(partner_id, price, tax_rate, property_tax, created_on, is_available) VALUES ('5703374', 2100000, 667, 2500, '2021-09-08 01:20:44.306318', True); 
INSERT INTO public."Property"(partner_id, partner_code, type_id, district_id, city_id, goal_id, "number", street, size, bedroom_number, room_number, bath_number, parking_number, new_ad) 
                      VALUES (5703366, '340743', 1, 22, 1, 1, '', 'Rua Deputado Andre de Almeida', 55, 2, 0, 1, 1, True); INSERT INTO public."Management"(partner_id, price, tax_rate, property_tax, created_on, is_available) VALUES ('5703366', 230000, 72, 270, '2021-09-08 01:20:44.415696', True); 
INSERT INTO public."Property"(partner_id, partner_code, type_id, district_id, city_id, goal_id, "number", street, size, bedroom_number, room_number, bath_number, parking_number, new_ad) 
                      VALUES (5703342, '341364', 1, 22, 1, 1, '', 'Rua Sena Madureira', 57, 2, 0, 2, 2, True); INSERT INTO public."Management"(partner_id, price, tax_rate, property_tax, created_on, is_available) VALUES ('5703342', 390000, 128, 290, '2021-09-08 01:20:44.526498', True); 
INSERT INTO public."Property"(partner_id, partner_code, type_id, district_id, city_id, goal_id, "number", street, size, bedroom_number, room_number, bath_number, parking_number, new_ad) 
                      VALUES (5703533, '345819', 1, 23, 1, 1, '', 'Rua Aloisio Lobao Veras', 42, 2, 0, 1, 1, True); INSERT INTO public."Management"(partner_id, price, tax_rate, property_tax, created_on, is_available) VALUES ('5703533', 175000, 0, 160, '2021-09-08 01:21:49.441030', True); 
INSERT INTO public."Property"(partner_id, partner_code, type_id, district_id, city_id, goal_id, "number", street, size, bedroom_number, room_number, bath_number, parking_number, new_ad) 
                      VALUES (5703489, '341585', 1, 23, 1, 1, '', 'Rua Elson Nunes de Souza', 110, 4, 0, 1, 2, True); INSERT INTO public."Management"(partner_id, price, tax_rate, property_tax, created_on, is_available) VALUES ('5703489', 750000, 292, 832, '2021-09-08 01:21:49.551515', True); 
INSERT INTO public."Property"(partner_id, partner_code, type_id, district_id, city_id, goal_id, "number", street, size, bedroom_number, room_number, bath_number, parking_number, new_ad) 
                      VALUES (5703482, '346517', 1, 23, 1, 1, '', 'Rua Castelo Guimaraes', 70, 2, 0, 2, 2, True); INSERT INTO public."Management"(partner_id, price, tax_rate, property_tax, created_on, is_available) VALUES ('5703482', 340000, 102, 460, '2021-09-08 01:21:49.660902', True); 
INSERT INTO public."Property"(partner_id, partner_code, type_id, district_id, city_id, goal_id, "number", street, size, bedroom_number, room_number, bath_number, parking_number, new_ad) 
                      VALUES (5703468, '341981', 1, 23, 1, 1, '', 'Rua Castelo de Lisboa', 142, 3, 0, 3, 2, True); INSERT INTO public."Management"(partner_id, price, tax_rate, property_tax, created_on, is_available) VALUES ('5703468', 545000, 150, 500, '2021-09-08 01:21:49.770277', True); 
INSERT INTO public."Property"(partner_id, partner_code, type_id, district_id, city_id, goal_id, "number", street, size, bedroom_number, room_number, bath_number, parking_number, new_ad) 
                      VALUES (5703455, '344255', 1, 23, 1, 1, '', 'Rua Radialista Ubaldo Ferreira', 70, 2, 0, 2, 1, True); INSERT INTO public."Management"(partner_id, price, tax_rate, property_tax, created_on, is_available) VALUES ('5703455', 360000, 78, 323, '2021-09-08 01:21:49.879653', True); 
INSERT INTO public."Property"(partner_id, partner_code, type_id, district_id, city_id, goal_id, "number", street, size, bedroom_number, room_number, bath_number, parking_number, new_ad) 
                      VALUES (5703425, '342964', 1, 23, 1, 1, '', 'Rua Aloisio Lobao Veras', 70, 3, 0, 1, 1, True); INSERT INTO public."Management"(partner_id, price, tax_rate, property_tax, created_on, is_available) VALUES ('5703425', 330000, 78, 200, '2021-09-08 01:21:49.989028', True); 
INSERT INTO public."Property"(partner_id, partner_code, type_id, district_id, city_id, goal_id, "number", street, size, bedroom_number, room_number, bath_number, parking_number, new_ad) 
                      VALUES (5703388, '344591', 1, 23, 1, 1, '', 'Rua Doutor Sylvio Menicucci', 65, 2, 0, 1, 1, True); INSERT INTO public."Management"(partner_id, price, tax_rate, property_tax, created_on, is_available) VALUES ('5703388', 398000, 83, 300, '2021-09-08 01:21:50.098402', True); 
INSERT INTO public."Property"(partner_id, partner_code, type_id, district_id, city_id, goal_id, "number", street, size, bedroom_number, room_number, bath_number, parking_number, new_ad) 
                      VALUES (5703384, '346516', 1, 23, 1, 1, '', 'Rua Doutor Sylvio Menicucci', 47, 2, 0, 1, 1, True); INSERT INTO public."Management"(partner_id, price, tax_rate, property_tax, created_on, is_available) VALUES ('5703384', 215000, 84, 225, '2021-09-08 01:21:50.207778', True); 
INSERT INTO public."Property"(partner_id, partner_code, type_id, district_id, city_id, goal_id, "number", street, size, bedroom_number, room_number, bath_number, parking_number, new_ad) 
                      VALUES (5703355, '346215', 1, 23, 1, 1, '', 'Rua Doutor Fernando Scarpelli', 54, 2, 0, 1, 1, True); INSERT INTO public."Management"(partner_id, price, tax_rate, property_tax, created_on, is_available) VALUES ('5703355', 250000, 0, 250, '2021-09-08 01:21:50.317153', True); 
INSERT INTO public."Property"(partner_id, partner_code, type_id, district_id, city_id, goal_id, "number", street, size, bedroom_number, room_number, bath_number, parking_number, new_ad) 
                      VALUES (5703344, '345390', 1, 23, 1, 1, '', 'Rua Doutor Sylvio Menicucci', 126, 2, 0, 3, 2, True); INSERT INTO public."Management"(partner_id, price, tax_rate, property_tax, created_on, is_available) VALUES ('5703344', 689000, 0, 385, '2021-09-08 01:21:50.426527', True); 
INSERT INTO public."Property"(partner_id, partner_code, type_id, district_id, city_id, goal_id, "number", street, size, bedroom_number, room_number, bath_number, parking_number, new_ad) 
                      VALUES (5703547, '346791', 1, 26, 1, 1, '', 'Rua da Bahia', 96, 2, 0, 2, 0, True); INSERT INTO public."Management"(partner_id, price, tax_rate, property_tax, created_on, is_available) VALUES ('5703547', 290000, 50, 480, '2021-09-08 01:26:11.227780', True); 
INSERT INTO public."Property"(partner_id, partner_code, type_id, district_id, city_id, goal_id, "number", street, size, bedroom_number, room_number, bath_number, parking_number, new_ad) 
                      VALUES (5703538, '341366', 1, 26, 1, 1, '', 'Avenida Parana', 50, 1, 0, 1, 0, True); INSERT INTO public."Management"(partner_id, price, tax_rate, property_tax, created_on, is_available) VALUES ('5703538', 250000, 62, 340, '2021-09-08 01:26:11.337182', True); 
INSERT INTO public."Property"(partner_id, partner_code, type_id, district_id, city_id, goal_id, "number", street, size, bedroom_number, room_number, bath_number, parking_number, new_ad) 
                      VALUES (5703526, '346797', 1, 26, 1, 1, '', 'Rua da Bahia', 108, 3, 0, 2, 0, True); INSERT INTO public."Management"(partner_id, price, tax_rate, property_tax, created_on, is_available) VALUES ('5703526', 310000, 89, 480, '2021-09-08 01:26:11.446531', True); 
INSERT INTO public."Property"(partner_id, partner_code, type_id, district_id, city_id, goal_id, "number", street, size, bedroom_number, room_number, bath_number, parking_number, new_ad) 
                      VALUES (5703507, '340748', 1, 26, 1, 1, '', 'Rua dos Guaranis', 110, 3, 0, 2, 0, True); INSERT INTO public."Management"(partner_id, price, tax_rate, property_tax, created_on, is_available) VALUES ('5703507', 300000, 97, 450, '2021-09-08 01:26:11.555902', True); 
INSERT INTO public."Property"(partner_id, partner_code, type_id, district_id, city_id, goal_id, "number", street, size, bedroom_number, room_number, bath_number, parking_number, new_ad) 
                      VALUES (5703502, '339757', 1, 26, 1, 1, '', 'Avenida Augusto de Lima', 146, 3, 0, 2, 0, True); INSERT INTO public."Management"(partner_id, price, tax_rate, property_tax, created_on, is_available) VALUES ('5703502', 700000, 0, 800, '2021-09-08 01:26:11.665278', True); 
INSERT INTO public."Property"(partner_id, partner_code, type_id, district_id, city_id, goal_id, "number", street, size, bedroom_number, room_number, bath_number, parking_number, new_ad) 
                      VALUES (5703492, '346514', 1, 26, 1, 1, '', 'Avenida Amazonas', 79, 3, 0, 1, 0, True); INSERT INTO public."Management"(partner_id, price, tax_rate, property_tax, created_on, is_available) VALUES ('5703492', 380000, 55, 380, '2021-09-08 01:26:11.774653', True); 
INSERT INTO public."Property"(partner_id, partner_code, type_id, district_id, city_id, goal_id, "number", street, size, bedroom_number, room_number, bath_number, parking_number, new_ad) 
                      VALUES (5703435, '340031', 1, 26, 1, 1, '', 'Avenida Augusto de Lima', 59, 2, 0, 1, 0, True); INSERT INTO public."Management"(partner_id, price, tax_rate, property_tax, created_on, is_available) VALUES ('5703435', 320000, 104, 350, '2021-09-08 01:26:11.884029', True); 
INSERT INTO public."Property"(partner_id, partner_code, type_id, district_id, city_id, goal_id, "number", street, size, bedroom_number, room_number, bath_number, parking_number, new_ad) 
                      VALUES (5703434, '344596', 1, 26, 1, 1, '', 'Rua dos Tupinambas', 120, 3, 0, 1, 0, True); INSERT INTO public."Management"(partner_id, price, tax_rate, property_tax, created_on, is_available) VALUES ('5703434', 658000, 108, 800, '2021-09-08 01:26:11.993402', True); 
INSERT INTO public."Property"(partner_id, partner_code, type_id, district_id, city_id, goal_id, "number", street, size, bedroom_number, room_number, bath_number, parking_number, new_ad) 
                      VALUES (5703381, '339755', 1, 26, 1, 1, '', 'Rua dos Tupis', 94, 3, 0, 2, 0, True); INSERT INTO public."Management"(partner_id, price, tax_rate, property_tax, created_on, is_available) VALUES ('5703381', 370000, 110, 700, '2021-09-08 01:26:12.118402', True); 
INSERT INTO public."Property"(partner_id, partner_code, type_id, district_id, city_id, goal_id, "number", street, size, bedroom_number, room_number, bath_number, parking_number, new_ad) 
                      VALUES (5703373, '345204', 1, 26, 1, 1, '', 'Rua dos Guaranis', 42, 1, 0, 1, 0, True); INSERT INTO public."Management"(partner_id, price, tax_rate, property_tax, created_on, is_available) VALUES ('5703373', 180000, 63, 411, '2021-09-08 01:26:12.340460', True); 
INSERT INTO public."Property"(partner_id, partner_code, type_id, district_id, city_id, goal_id, "number", street, size, bedroom_number, room_number, bath_number, parking_number, new_ad) 
                      VALUES (5703500, '344594', 1, 36, 1, 1, '', 'Rua Havana', 91, 3, 0, 1, 1, True); INSERT INTO public."Management"(partner_id, price, tax_rate, property_tax, created_on, is_available) VALUES ('5703500', 270000, 70, 280, '2021-09-08 01:32:23.352807', True); 
INSERT INTO public."Property"(partner_id, partner_code, type_id, district_id, city_id, goal_id, "number", street, size, bedroom_number, room_number, bath_number, parking_number, new_ad) 
                      VALUES (5703462, '343249', 1, 36, 1, 1, '', 'Rua da Represa', 52, 2, 0, 1, 1, True); INSERT INTO public."Management"(partner_id, price, tax_rate, property_tax, created_on, is_available) VALUES ('5703462', 210000, 0, 150, '2021-09-08 01:32:23.462195', True); 
INSERT INTO public."Property"(partner_id, partner_code, type_id, district_id, city_id, goal_id, "number", street, size, bedroom_number, room_number, bath_number, parking_number, new_ad) 
                      VALUES (5703438, '343909', 1, 36, 1, 1, '', 'Rua Maria Beatriz', 55, 2, 0, 1, 1, True); INSERT INTO public."Management"(partner_id, price, tax_rate, property_tax, created_on, is_available) VALUES ('5703438', 280000, 0, 200, '2021-09-08 01:32:23.571571', True); 
INSERT INTO public."Property"(partner_id, partner_code, type_id, district_id, city_id, goal_id, "number", street, size, bedroom_number, room_number, bath_number, parking_number, new_ad) 
                      VALUES (5703359, '340030', 1, 36, 1, 1, '', 'Rua Olavo Bernardes', 60, 2, 0, 1, 1, True); INSERT INTO public."Management"(partner_id, price, tax_rate, property_tax, created_on, is_available) VALUES ('5703359', 220000, 75, 160, '2021-09-08 01:32:23.680947', True); 
INSERT INTO public."Property"(partner_id, partner_code, type_id, district_id, city_id, goal_id, "number", street, size, bedroom_number, room_number, bath_number, parking_number, new_ad) 
                      VALUES (5703422, '343463', 1, 37, 1, 1, '', 'Rua Acucenas', 60, 2, 0, 1, 1, True); INSERT INTO public."Management"(partner_id, price, tax_rate, property_tax, created_on, is_available) VALUES ('5703422', 230000, 0, 230, '2021-09-08 01:33:16.080639', True); 
INSERT INTO public."Property"(partner_id, partner_code, type_id, district_id, city_id, goal_id, "number", street, size, bedroom_number, room_number, bath_number, parking_number, new_ad) 
                      VALUES (5703543, '345389', 1, 40, 1, 1, '', 'Rua Domingos Rocha', 75, 2, 0, 1, 1, True); INSERT INTO public."Management"(partner_id, price, tax_rate, property_tax, created_on, is_available) VALUES ('5703543', 340000, 0, 150, '2021-09-08 01:35:08.789429', True); 
INSERT INTO public."Property"(partner_id, partner_code, type_id, district_id, city_id, goal_id, "number", street, size, bedroom_number, room_number, bath_number, parking_number, new_ad) 
                      VALUES (5703400, '344584', 1, 40, 1, 1, '', 'Rua Carmelita Prates da Silva', 52, 2, 0, 1, 1, True); INSERT INTO public."Management"(partner_id, price, tax_rate, property_tax, created_on, is_available) VALUES ('5703400', 340492, 82, 440, '2021-09-08 01:35:08.898803', True); 
INSERT INTO public."Property"(partner_id, partner_code, type_id, district_id, city_id, goal_id, "number", street, size, bedroom_number, room_number, bath_number, parking_number, new_ad) 
                      VALUES (5703407, '344895', 1, 42, 1, 1, '', 'Rua Jerusalem', 54, 2, 0, 1, 1, True); INSERT INTO public."Management"(partner_id, price, tax_rate, property_tax, created_on, is_available) VALUES ('5703407', 286000, 75, 190, '2021-09-08 01:36:21.397408', True); 
INSERT INTO public."Property"(partner_id, partner_code, type_id, district_id, city_id, goal_id, "number", street, size, bedroom_number, room_number, bath_number, parking_number, new_ad) 
                      VALUES (5703565, '343254', 1, 45, 1, 1, '', 'Rua Cuiaba', 121, 4, 0, 2, 3, True); INSERT INTO public."Management"(partner_id, price, tax_rate, property_tax, created_on, is_available) VALUES ('5703565', 450000, 154, 200, '2021-09-08 01:38:15.405808', True); 
INSERT INTO public."Property"(partner_id, partner_code, type_id, district_id, city_id, goal_id, "number", street, size, bedroom_number, room_number, bath_number, parking_number, new_ad) 
                      VALUES (5703535, '336046', 1, 45, 1, 1, '', 'Rua Contria', 76, 3, 0, 1, 1, True); INSERT INTO public."Management"(partner_id, price, tax_rate, property_tax, created_on, is_available) VALUES ('5703535', 200000, 0, 250, '2021-09-08 01:38:15.515217', True); 
INSERT INTO public."Property"(partner_id, partner_code, type_id, district_id, city_id, goal_id, "number", street, size, bedroom_number, room_number, bath_number, parking_number, new_ad) 
                      VALUES (5695488, '346243', 1, 50, 1, 1, '', 'Rua Agostinho Bretas', 73, 2, 1, 2, 2, True); INSERT INTO public."Management"(partner_id, price, tax_rate, property_tax, created_on, is_available) VALUES ('5695488', 720000, 240, 700, '2021-09-08 01:41:23.714343', True); 
INSERT INTO public."Property"(partner_id, partner_code, type_id, district_id, city_id, goal_id, "number", street, size, bedroom_number, room_number, bath_number, parking_number, new_ad) 
                      VALUES (5703474, '346789', 1, 54, 1, 1, '', 'Rua do Patriarca', 88, 2, 0, 1, 2, True); INSERT INTO public."Management"(partner_id, price, tax_rate, property_tax, created_on, is_available) VALUES ('5703474', 489323, 67, 300, '2021-09-08 01:44:33.218471', True); 
INSERT INTO public."Property"(partner_id, partner_code, type_id, district_id, city_id, goal_id, "number", street, size, bedroom_number, room_number, bath_number, parking_number, new_ad) 
                      VALUES (5703551, '341076', 1, 59, 1, 1, '', 'Rua Pernambuco', 40, 1, 0, 1, 1, True); INSERT INTO public."Management"(partner_id, price, tax_rate, property_tax, created_on, is_available) VALUES ('5703551', 400000, 107, 620, '2021-09-08 01:48:17.854130', True); 
INSERT INTO public."Property"(partner_id, partner_code, type_id, district_id, city_id, goal_id, "number", street, size, bedroom_number, room_number, bath_number, parking_number, new_ad) 
                      VALUES (5703483, '345203', 1, 59, 1, 1, '', 'Rua Santa Rita Durao', 50, 1, 0, 2, 1, True); INSERT INTO public."Management"(partner_id, price, tax_rate, property_tax, created_on, is_available) VALUES ('5703483', 620000, 146, 545, '2021-09-08 01:48:17.963444', True); 
INSERT INTO public."Property"(partner_id, partner_code, type_id, district_id, city_id, goal_id, "number", street, size, bedroom_number, room_number, bath_number, parking_number, new_ad) 
                      VALUES (5703379, '344901', 1, 59, 1, 1, '', 'Rua Tome de Souza', 216, 4, 0, 3, 2, True); INSERT INTO public."Management"(partner_id, price, tax_rate, property_tax, created_on, is_available) VALUES ('5703379', 1380000, 250, 1300, '2021-09-08 01:48:18.072822', True); 
INSERT INTO public."Property"(partner_id, partner_code, type_id, district_id, city_id, goal_id, "number", street, size, bedroom_number, room_number, bath_number, parking_number, new_ad) 
                      VALUES (5703424, '339759', 1, 64, 1, 1, '', 'Rua Manhumirim', 118, 4, 0, 3, 2, True); INSERT INTO public."Management"(partner_id, price, tax_rate, property_tax, created_on, is_available) VALUES ('5703424', 820000, 293, 965, '2021-09-08 01:51:17.753250', True); 
INSERT INTO public."Property"(partner_id, partner_code, type_id, district_id, city_id, goal_id, "number", street, size, bedroom_number, room_number, bath_number, parking_number, new_ad) 
                      VALUES (5703356, '347104', 1, 64, 1, 1, '', 'Rua Aspasia', 56, 2, 0, 1, 1, True); INSERT INTO public."Management"(partner_id, price, tax_rate, property_tax, created_on, is_available) VALUES ('5703356', 300000, 75, 156, '2021-09-08 01:51:17.862626', True); 
INSERT INTO public."Property"(partner_id, partner_code, type_id, district_id, city_id, goal_id, "number", street, size, bedroom_number, room_number, bath_number, parking_number, new_ad) 
                      VALUES (5703385, '343917', 1, 69, 1, 1, '', 'Rua Ponte Nova', 104, 3, 0, 1, 0, True); INSERT INTO public."Management"(partner_id, price, tax_rate, property_tax, created_on, is_available) VALUES ('5703385', 390000, 92, 250, '2021-09-08 01:54:07.382017', True); 
INSERT INTO public."Property"(partner_id, partner_code, type_id, district_id, city_id, goal_id, "number", street, size, bedroom_number, room_number, bath_number, parking_number, new_ad) 
                      VALUES (5703347, '345823', 1, 69, 1, 1, '', 'Rua Itaguara', 92, 3, 0, 2, 1, True); INSERT INTO public."Management"(partner_id, price, tax_rate, property_tax, created_on, is_available) VALUES ('5703347', 430000, 23, 280, '2021-09-08 01:54:07.491394', True); 
INSERT INTO public."Property"(partner_id, partner_code, type_id, district_id, city_id, goal_id, "number", street, size, bedroom_number, room_number, bath_number, parking_number, new_ad) 
                      VALUES (5703515, '344256', 1, 74, 1, 1, '', 'Rua Alvarenga Peixoto', 165, 4, 0, 2, 1, True); INSERT INTO public."Management"(partner_id, price, tax_rate, property_tax, created_on, is_available) VALUES ('5703515', 900000, 117, 500, '2021-09-08 01:58:15.873961', True); 
INSERT INTO public."Property"(partner_id, partner_code, type_id, district_id, city_id, goal_id, "number", street, size, bedroom_number, room_number, bath_number, parking_number, new_ad) 
                      VALUES (5703479, '341074', 1, 74, 1, 1, '', 'Rua Goncalves Dias', 161, 2, 0, 2, 2, True); INSERT INTO public."Management"(partner_id, price, tax_rate, property_tax, created_on, is_available) VALUES ('5703479', 1200000, 334, 600, '2021-09-08 01:58:15.987505', True); 
INSERT INTO public."Property"(partner_id, partner_code, type_id, district_id, city_id, goal_id, "number", street, size, bedroom_number, room_number, bath_number, parking_number, new_ad) 
                      VALUES (5703440, '345824', 1, 74, 1, 1, '', 'Avenida Olegario Maciel', 117, 3, 0, 2, 1, True); INSERT INTO public."Management"(partner_id, price, tax_rate, property_tax, created_on, is_available) VALUES ('5703440', 780000, 318, 1327, '2021-09-08 01:58:16.096879', True); 
INSERT INTO public."Property"(partner_id, partner_code, type_id, district_id, city_id, goal_id, "number", street, size, bedroom_number, room_number, bath_number, parking_number, new_ad) 
                      VALUES (5703450, '347301', 1, 78, 1, 1, '', 'Rua Mariano Procopio', 90, 3, 0, 1, 2, True); INSERT INTO public."Management"(partner_id, price, tax_rate, property_tax, created_on, is_available) VALUES ('5703450', 380000, 134, 280, '2021-09-08 02:00:54.161955', True); 
INSERT INTO public."Property"(partner_id, partner_code, type_id, district_id, city_id, goal_id, "number", street, size, bedroom_number, room_number, bath_number, parking_number, new_ad) 
                      VALUES (5703426, '346788', 1, 78, 1, 1, '', 'Rua Cata Preta', 55, 2, 0, 1, 1, True); INSERT INTO public."Management"(partner_id, price, tax_rate, property_tax, created_on, is_available) VALUES ('5703426', 180000, 57, 200, '2021-09-08 02:00:54.272436', True); 
INSERT INTO public."Property"(partner_id, partner_code, type_id, district_id, city_id, goal_id, "number", street, size, bedroom_number, room_number, bath_number, parking_number, new_ad) 
                      VALUES (5703367, '340744', 1, 78, 1, 1, '', 'Rua Frei Luiz de Souza', 61, 1, 0, 1, 1, True); INSERT INTO public."Management"(partner_id, price, tax_rate, property_tax, created_on, is_available) VALUES ('5703367', 190000, 0, 170, '2021-09-08 02:00:54.384826', True); 
INSERT INTO public."Property"(partner_id, partner_code, type_id, district_id, city_id, goal_id, "number", street, size, bedroom_number, room_number, bath_number, parking_number, new_ad) 
                      VALUES (5703473, '342321', 1, 91, 1, 1, '', 'Rua Deputado Jose Raimundo', 140, 3, 0, 2, 1, True); INSERT INTO public."Management"(partner_id, price, tax_rate, property_tax, created_on, is_available) VALUES ('5703473', 430000, 79, 220, '2021-09-08 02:09:08.617754', True); 
INSERT INTO public."Property"(partner_id, partner_code, type_id, district_id, city_id, goal_id, "number", street, size, bedroom_number, room_number, bath_number, parking_number, new_ad) 
                      VALUES (5703341, '346217', 1, 91, 1, 1, '', 'Rua Alvaro Martins', 60, 2, 0, 1, 1, True); INSERT INTO public."Management"(partner_id, price, tax_rate, property_tax, created_on, is_available) VALUES ('5703341', 235000, 67, 230, '2021-09-08 02:09:08.727130', True); 
INSERT INTO public."Property"(partner_id, partner_code, type_id, district_id, city_id, goal_id, "number", street, size, bedroom_number, room_number, bath_number, parking_number, new_ad) 
                      VALUES (5695476, '347413', 1, 92, 1, 1, '', 'Avenida do Contorno', 102, 3, 10, 2, 2, True); INSERT INTO public."Management"(partner_id, price, tax_rate, property_tax, created_on, is_available) VALUES ('5695476', 1000000, 0, 0, '2021-09-08 02:10:01.365327', True); 
INSERT INTO public."Property"(partner_id, partner_code, type_id, district_id, city_id, goal_id, "number", street, size, bedroom_number, room_number, bath_number, parking_number, new_ad) 
                      VALUES (5703447, '346219', 1, 92, 1, 1, '', 'Rua Piaui', 85, 2, 0, 2, 2, True); INSERT INTO public."Management"(partner_id, price, tax_rate, property_tax, created_on, is_available) VALUES ('5703447', 1150000, 1000, 1000, '2021-09-08 02:10:02.243761', True); 
INSERT INTO public."Property"(partner_id, partner_code, type_id, district_id, city_id, goal_id, "number", street, size, bedroom_number, room_number, bath_number, parking_number, new_ad) 
                      VALUES (5703446, '347103', 1, 98, 1, 1, '', 'Rua Geraldo Magela de Almeida', 52, 2, 0, 1, 1, True); INSERT INTO public."Management"(partner_id, price, tax_rate, property_tax, created_on, is_available) VALUES ('5703446', 350000, 85, 680, '2021-09-08 02:13:23.661070', True); 
INSERT INTO public."Property"(partner_id, partner_code, type_id, district_id, city_id, goal_id, "number", street, size, bedroom_number, room_number, bath_number, parking_number, new_ad) 
                      VALUES (5703392, '340741', 1, 98, 1, 1, '', 'Rua Wiver Hernandes da Silva', 56, 2, 0, 1, 1, True); INSERT INTO public."Management"(partner_id, price, tax_rate, property_tax, created_on, is_available) VALUES ('5703392', 200000, 25, 230, '2021-09-08 02:13:23.770444', True); 
INSERT INTO public."Property"(partner_id, partner_code, type_id, district_id, city_id, goal_id, "number", street, size, bedroom_number, room_number, bath_number, parking_number, new_ad) 
                      VALUES (5703443, '343910', 1, 102, 1, 1, '', 'Rua Ramalhete', 92, 3, 0, 2, 2, True); INSERT INTO public."Management"(partner_id, price, tax_rate, property_tax, created_on, is_available) VALUES ('5703443', 950000, 370, 670, '2021-09-08 02:15:41.926994', True); 
INSERT INTO public."Property"(partner_id, partner_code, type_id, district_id, city_id, goal_id, "number", street, size, bedroom_number, room_number, bath_number, parking_number, new_ad) 
                      VALUES (5700265, '4007', 1, 110, 1, 1, '', 'Rua Cricare', 68, 2, 1, 1, 1, True); INSERT INTO public."Management"(partner_id, price, tax_rate, property_tax, created_on, is_available) VALUES ('5700265', 195000, 0, 0, '2021-09-08 02:20:06.505370', True); 
INSERT INTO public."Property"(partner_id, partner_code, type_id, district_id, city_id, goal_id, "number", street, size, bedroom_number, room_number, bath_number, parking_number, new_ad) 
                      VALUES (5703368, '342325', 1, 116, 1, 1, '', 'Rua Gilberto Correa E Castro', 93, 3, 0, 2, 1, True); INSERT INTO public."Management"(partner_id, price, tax_rate, property_tax, created_on, is_available) VALUES ('5703368', 350000, 70, 280, '2021-09-08 02:23:44.624827', True); 
INSERT INTO public."Property"(partner_id, partner_code, type_id, district_id, city_id, goal_id, "number", street, size, bedroom_number, room_number, bath_number, parking_number, new_ad) 
                      VALUES (5703348, '343465', 1, 116, 1, 1, '', 'Rua Doutor Thomaz Muzzi', 75, 3, 0, 2, 2, True); INSERT INTO public."Management"(partner_id, price, tax_rate, property_tax, created_on, is_available) VALUES ('5703348', 780000, 216, 700, '2021-09-08 02:23:44.734201', True); 
INSERT INTO public."Property"(partner_id, partner_code, type_id, district_id, city_id, goal_id, "number", street, size, bedroom_number, room_number, bath_number, parking_number, new_ad) 
                      VALUES (5703343, '347107', 1, 118, 1, 1, '', 'Rua Heroina Maria Quiteria', 105, 3, 0, 2, 2, True); INSERT INTO public."Management"(partner_id, price, tax_rate, property_tax, created_on, is_available) VALUES ('5703343', 330000, 0, 300, '2021-09-08 02:24:48.421734', True); 
INSERT INTO public."Property"(partner_id, partner_code, type_id, district_id, city_id, goal_id, "number", street, size, bedroom_number, room_number, bath_number, parking_number, new_ad) 
                      VALUES (5703351, '339595', 1, 119, 1, 1, '', 'Rua Dalia', 120, 3, 0, 2, 3, True); INSERT INTO public."Management"(partner_id, price, tax_rate, property_tax, created_on, is_available) VALUES ('5703351', 330000, 0, 350, '2021-09-08 02:25:17.214068', True); 
INSERT INTO public."Property"(partner_id, partner_code, type_id, district_id, city_id, goal_id, "number", street, size, bedroom_number, room_number, bath_number, parking_number, new_ad) 
                      VALUES (5703358, '343922', 1, 120, 1, 1, '', 'Rua Cancer', 200, 4, 0, 3, 3, True); INSERT INTO public."Management"(partner_id, price, tax_rate, property_tax, created_on, is_available) VALUES ('5703358', 3000000, 416, 0, '2021-09-08 02:26:07.549164', True); 
INSERT INTO public."Property"(partner_id, partner_code, type_id, district_id, city_id, goal_id, "number", street, size, bedroom_number, room_number, bath_number, parking_number, new_ad) 
                      VALUES (5703353, '341988', 1, 120, 1, 1, '', 'Rua Joao Evangelista Pinheiro', 47, 3, 0, 1, 1, True); INSERT INTO public."Management"(partner_id, price, tax_rate, property_tax, created_on, is_available) VALUES ('5703353', 205000, 0, 60, '2021-09-08 02:26:07.658540', True); 
INSERT INTO public."Property"(partner_id, partner_code, type_id, district_id, city_id, goal_id, "number", street, size, bedroom_number, room_number, bath_number, parking_number, new_ad) 
                      VALUES (5703512, '339599', 1, 121, 1, 1, '', 'Rua das Gaivotas', 127, 3, 0, 1, 1, True); INSERT INTO public."Management"(partner_id, price, tax_rate, property_tax, created_on, is_available) VALUES ('5703512', 310000, 75, 120, '2021-09-08 02:27:03.045937', True); 
INSERT INTO public."Property"(partner_id, partner_code, type_id, district_id, city_id, goal_id, "number", street, size, bedroom_number, room_number, bath_number, parking_number, new_ad) 
                      VALUES (5703569, '346214', 1, 128, 1, 1, '', 'Rua Osmar Costa', 50, 2, 0, 1, 1, True); INSERT INTO public."Management"(partner_id, price, tax_rate, property_tax, created_on, is_available) VALUES ('5703569', 210000, 0, 212, '2021-09-08 02:31:04.296452', True); 
INSERT INTO public."Property"(partner_id, partner_code, type_id, district_id, city_id, goal_id, "number", street, size, bedroom_number, room_number, bath_number, parking_number, new_ad) 
                      VALUES (5703414, '346222', 1, 128, 1, 1, '', 'Rua Paulo do Couto E Silva', 170, 3, 0, 2, 2, True); INSERT INTO public."Management"(partner_id, price, tax_rate, property_tax, created_on, is_available) VALUES ('5703414', 465000, 150, 280, '2021-09-08 02:31:04.405828', True); 
INSERT INTO public."Property"(partner_id, partner_code, type_id, district_id, city_id, goal_id, "number", street, size, bedroom_number, room_number, bath_number, parking_number, new_ad) 
                      VALUES (5703413, '341359', 1, 128, 1, 1, '', 'Rua Laura Brito Farias', 48, 2, 0, 2, 1, True); INSERT INTO public."Management"(partner_id, price, tax_rate, property_tax, created_on, is_available) VALUES ('5703413', 265000, 150, 250, '2021-09-08 02:31:04.518225', True); 
INSERT INTO public."Property"(partner_id, partner_code, type_id, district_id, city_id, goal_id, "number", street, size, bedroom_number, room_number, bath_number, parking_number, new_ad) 
                      VALUES (5703378, '344588', 1, 128, 1, 1, '', 'Rua Papa Honorio 3', 44, 2, 0, 1, 1, True); INSERT INTO public."Management"(partner_id, price, tax_rate, property_tax, created_on, is_available) VALUES ('5703378', 150000, 30, 200, '2021-09-08 02:31:04.628691', True); 
INSERT INTO public."Property"(partner_id, partner_code, type_id, district_id, city_id, goal_id, "number", street, size, bedroom_number, room_number, bath_number, parking_number, new_ad) 
                      VALUES (5703505, '343251', 1, 133, 1, 1, '', 'Rua Paschoal Costa', 55, 3, 0, 2, 2, True); INSERT INTO public."Management"(partner_id, price, tax_rate, property_tax, created_on, is_available) VALUES ('5703505', 400000, 50, 400, '2021-09-08 02:33:38.472985', True); 
INSERT INTO public."Property"(partner_id, partner_code, type_id, district_id, city_id, goal_id, "number", street, size, bedroom_number, room_number, bath_number, parking_number, new_ad) 
                      VALUES (5703436, '342960', 1, 133, 1, 1, '', 'Rua Povoa de Varzim', 48, 2, 0, 1, 1, True); INSERT INTO public."Management"(partner_id, price, tax_rate, property_tax, created_on, is_available) VALUES ('5703436', 215000, 75, 280, '2021-09-08 02:33:38.582375', True); 
INSERT INTO public."Property"(partner_id, partner_code, type_id, district_id, city_id, goal_id, "number", street, size, bedroom_number, room_number, bath_number, parking_number, new_ad) 
                      VALUES (5703352, '344589', 1, 133, 1, 1, '', 'Rua Paschoal Costa', 47, 2, 0, 1, 1, True); INSERT INTO public."Management"(partner_id, price, tax_rate, property_tax, created_on, is_available) VALUES ('5703352', 220000, 62, 300, '2021-09-08 02:33:38.692914', True); 
INSERT INTO public."Property"(partner_id, partner_code, type_id, district_id, city_id, goal_id, "number", street, size, bedroom_number, room_number, bath_number, parking_number, new_ad) 
                      VALUES (5703537, '339593', 1, 134, 1, 1, '', 'Rua Doutor Juvenal dos Santos', 104, 3, 0, 3, 2, True); INSERT INTO public."Management"(partner_id, price, tax_rate, property_tax, created_on, is_available) VALUES ('5703537', 770000, 0, 400, '2021-09-08 02:34:29.566718', True); 
INSERT INTO public."Property"(partner_id, partner_code, type_id, district_id, city_id, goal_id, "number", street, size, bedroom_number, room_number, bath_number, parking_number, new_ad) 
                      VALUES (5703520, '340750', 1, 134, 1, 1, '', 'Rua Doutor Juvenal dos Santos', 112, 3, 0, 2, 1, True); INSERT INTO public."Management"(partner_id, price, tax_rate, property_tax, created_on, is_available) VALUES ('5703520', 550000, 162, 350, '2021-09-08 02:34:29.676095', True); 
INSERT INTO public."Property"(partner_id, partner_code, type_id, district_id, city_id, goal_id, "number", street, size, bedroom_number, room_number, bath_number, parking_number, new_ad) 
                      VALUES (5703394, '341984', 1, 134, 1, 1, '', 'Rua Dr Henrique Sales', 135, 4, 0, 3, 2, True); INSERT INTO public."Management"(partner_id, price, tax_rate, property_tax, created_on, is_available) VALUES ('5703394', 800000, 293, 1213, '2021-09-08 02:34:29.785470', True); 
INSERT INTO public."Property"(partner_id, partner_code, type_id, district_id, city_id, goal_id, "number", street, size, bedroom_number, room_number, bath_number, parking_number, new_ad) 
                      VALUES (5695475, '347309', 1, 136, 1, 1, '', 'Rua Bolivia', 95, 3, 1, 2, 1, True); INSERT INTO public."Management"(partner_id, price, tax_rate, property_tax, created_on, is_available) VALUES ('5695475', 420000, 0, 0, '2021-09-08 02:35:41.043352', True); 
INSERT INTO public."Property"(partner_id, partner_code, type_id, district_id, city_id, goal_id, "number", street, size, bedroom_number, room_number, bath_number, parking_number, new_ad) 
                      VALUES (5703554, '343555', 1, 136, 1, 1, '', 'Rua Sao Joao Evangelista', 122, 3, 0, 2, 1, True); INSERT INTO public."Management"(partner_id, price, tax_rate, property_tax, created_on, is_available) VALUES ('5703554', 480000, 110, 350, '2021-09-08 02:35:41.484941', True); 
INSERT INTO public."Property"(partner_id, partner_code, type_id, district_id, city_id, goal_id, "number", street, size, bedroom_number, room_number, bath_number, parking_number, new_ad) 
                      VALUES (5703396, '345391', 1, 136, 1, 1, '', 'Rua Bolivia', 106, 3, 0, 2, 2, True); INSERT INTO public."Management"(partner_id, price, tax_rate, property_tax, created_on, is_available) VALUES ('5703396', 545000, 250, 1100, '2021-09-08 02:35:41.594317', True); 
INSERT INTO public."Property"(partner_id, partner_code, type_id, district_id, city_id, goal_id, "number", street, size, bedroom_number, room_number, bath_number, parking_number, new_ad) 
                      VALUES (5703357, '343912', 1, 136, 1, 1, '', 'Rua Major Lopes', 38, 1, 0, 1, 1, True); INSERT INTO public."Management"(partner_id, price, tax_rate, property_tax, created_on, is_available) VALUES ('5703357', 400000, 125, 850, '2021-09-08 02:35:41.703692', True); 
INSERT INTO public."Property"(partner_id, partner_code, type_id, district_id, city_id, goal_id, "number", street, size, bedroom_number, room_number, bath_number, parking_number, new_ad) 
                      VALUES (5703556, '341682', 1, 148, 1, 1, '', 'Rua Alipio de Melo', 48, 2, 0, 1, 0, True); INSERT INTO public."Management"(partner_id, price, tax_rate, property_tax, created_on, is_available) VALUES ('5703556', 230000, 0, 170, '2021-09-08 02:42:14.075303', True); 
INSERT INTO public."Property"(partner_id, partner_code, type_id, district_id, city_id, goal_id, "number", street, size, bedroom_number, room_number, bath_number, parking_number, new_ad) 
                      VALUES (5703558, '342654', 1, 151, 1, 1, '', 'Rua Donato da Fonseca', 80, 2, 0, 1, 1, True); INSERT INTO public."Management"(partner_id, price, tax_rate, property_tax, created_on, is_available) VALUES ('5703558', 420000, 158, 850, '2021-09-08 02:44:13.722152', True); 
INSERT INTO public."Property"(partner_id, partner_code, type_id, district_id, city_id, goal_id, "number", street, size, bedroom_number, room_number, bath_number, parking_number, new_ad) 
                      VALUES (5703469, '345821', 1, 151, 1, 1, '', 'Rua Madre Candida', 93, 3, 0, 3, 2, True); INSERT INTO public."Management"(partner_id, price, tax_rate, property_tax, created_on, is_available) VALUES ('5703469', 595000, 349, 1530, '2021-09-08 02:44:13.834482', True); 
INSERT INTO public."Property"(partner_id, partner_code, type_id, district_id, city_id, goal_id, "number", street, size, bedroom_number, room_number, bath_number, parking_number, new_ad) 
                      VALUES (5703416, '345205', 1, 151, 1, 1, '', 'Rua Donato da Fonseca', 132, 3, 0, 2, 1, True); INSERT INTO public."Management"(partner_id, price, tax_rate, property_tax, created_on, is_available) VALUES ('5703416', 890000, 183, 580, '2021-09-08 02:44:13.943858', True); 
INSERT INTO public."Property"(partner_id, partner_code, type_id, district_id, city_id, goal_id, "number", street, size, bedroom_number, room_number, bath_number, parking_number, new_ad) 
                      VALUES (5703534, '346794', 1, 158, 1, 1, '', 'Rua Jose Barsand de Leucas', 110, 3, 0, 2, 2, True); INSERT INTO public."Management"(partner_id, price, tax_rate, property_tax, created_on, is_available) VALUES ('5703534', 799000, 150, 300, '2021-09-08 02:48:05.542886', True); 
INSERT INTO public."Property"(partner_id, partner_code, type_id, district_id, city_id, goal_id, "number", street, size, bedroom_number, room_number, bath_number, parking_number, new_ad) 
                      VALUES (5703419, '339594', 1, 158, 1, 1, '', 'Rua Nestor Soares de Melo', 100, 3, 0, 2, 2, True); INSERT INTO public."Management"(partner_id, price, tax_rate, property_tax, created_on, is_available) VALUES ('5703419', 940000, 170, 370, '2021-09-08 02:48:05.652248', True); 
INSERT INTO public."Property"(partner_id, partner_code, type_id, district_id, city_id, goal_id, "number", street, size, bedroom_number, room_number, bath_number, parking_number, new_ad) 
                      VALUES (5703364, '346800', 1, 158, 1, 1, '', 'Rua Jorge Angel Livraga', 190, 4, 0, 3, 1, True); INSERT INTO public."Management"(partner_id, price, tax_rate, property_tax, created_on, is_available) VALUES ('5703364', 720000, 50, 300, '2021-09-08 02:48:05.762730', True); 
INSERT INTO public."Property"(partner_id, partner_code, type_id, district_id, city_id, goal_id, "number", street, size, bedroom_number, room_number, bath_number, parking_number, new_ad) 
                      VALUES (5703514, '346521', 1, 159, 1, 1, '', 'Avenida Dom Joao Vi', 84, 3, 0, 1, 1, True); INSERT INTO public."Management"(partner_id, price, tax_rate, property_tax, created_on, is_available) VALUES ('5703514', 318000, 85, 288, '2021-09-08 02:48:41.090183', True); 
INSERT INTO public."Property"(partner_id, partner_code, type_id, district_id, city_id, goal_id, "number", street, size, bedroom_number, room_number, bath_number, parking_number, new_ad) 
                      VALUES (5703390, '339752', 1, 160, 1, 1, '', 'Avenida Professor Clovis Salgado', 48, 2, 0, 1, 1, True); INSERT INTO public."Management"(partner_id, price, tax_rate, property_tax, created_on, is_available) VALUES ('5703390', 233200, 33, 215, '2021-09-08 02:49:12.316111', True); 
INSERT INTO public."Property"(partner_id, partner_code, type_id, district_id, city_id, goal_id, "number", street, size, bedroom_number, room_number, bath_number, parking_number, new_ad) 
                      VALUES (5703370, '347602', 1, 160, 1, 1, '', 'Avenida Professor Clovis Salgado', 50, 2, 0, 1, 1, True); INSERT INTO public."Management"(partner_id, price, tax_rate, property_tax, created_on, is_available) VALUES ('5703370', 210000, 25, 230, '2021-09-08 02:49:12.425484', True); 
INSERT INTO public."Property"(partner_id, partner_code, type_id, district_id, city_id, goal_id, "number", street, size, bedroom_number, room_number, bath_number, parking_number, new_ad) 
                      VALUES (5703363, '347102', 1, 160, 1, 1, '', 'Avenida Professor Clovis Salgado', 48, 2, 0, 1, 1, True); INSERT INTO public."Management"(partner_id, price, tax_rate, property_tax, created_on, is_available) VALUES ('5703363', 195000, 30, 225, '2021-09-08 02:49:12.535963', True); 
INSERT INTO public."Property"(partner_id, partner_code, type_id, district_id, city_id, goal_id, "number", street, size, bedroom_number, room_number, bath_number, parking_number, new_ad) 
                      VALUES (5703548, '339756', 1, 162, 1, 1, '', 'Rua Sao Joao da Vereda', 80, 3, 0, 1, 1, True); INSERT INTO public."Management"(partner_id, price, tax_rate, property_tax, created_on, is_available) VALUES ('5703548', 450000, 91, 260, '2021-09-08 02:51:04.770193', True); 
INSERT INTO public."Property"(partner_id, partner_code, type_id, district_id, city_id, goal_id, "number", street, size, bedroom_number, room_number, bath_number, parking_number, new_ad) 
                      VALUES (5703432, '344261', 1, 162, 1, 1, '', 'Rua Martinica A', 68, 3, 0, 2, 1, True); INSERT INTO public."Management"(partner_id, price, tax_rate, property_tax, created_on, is_available) VALUES ('5703432', 245000, 92, 450, '2021-09-08 02:51:04.879567', True); 
INSERT INTO public."Property"(partner_id, partner_code, type_id, district_id, city_id, goal_id, "number", street, size, bedroom_number, room_number, bath_number, parking_number, new_ad) 
                      VALUES (5703561, '343554', 1, 171, 1, 1, '', 'Rua Conceicao do Mato Dentro', 96, 3, 0, 2, 2, True); INSERT INTO public."Management"(partner_id, price, tax_rate, property_tax, created_on, is_available) VALUES ('5703561', 750000, 169, 850, '2021-09-08 02:55:43.231757', True); 
INSERT INTO public."Property"(partner_id, partner_code, type_id, district_id, city_id, goal_id, "number", street, size, bedroom_number, room_number, bath_number, parking_number, new_ad) 
                      VALUES (5703536, '340032', 1, 171, 1, 1, '', 'Rua Mascarenhas de Morais', 84, 3, 0, 1, 1, True); INSERT INTO public."Management"(partner_id, price, tax_rate, property_tax, created_on, is_available) VALUES ('5703536', 320000, 79, 280, '2021-09-08 02:55:43.356756', True); 
INSERT INTO public."Property"(partner_id, partner_code, type_id, district_id, city_id, goal_id, "number", street, size, bedroom_number, room_number, bath_number, parking_number, new_ad) 
                      VALUES (5703453, '341077', 1, 171, 1, 1, '', 'Rua Conceicao do Mato Dentro', 100, 3, 0, 2, 2, True); INSERT INTO public."Management"(partner_id, price, tax_rate, property_tax, created_on, is_available) VALUES ('5703453', 750000, 158, 860, '2021-09-08 02:55:43.563023', True); 
INSERT INTO public."Property"(partner_id, partner_code, type_id, district_id, city_id, goal_id, "number", street, size, bedroom_number, room_number, bath_number, parking_number, new_ad) 
                      VALUES (5703493, '342657', 1, 173, 1, 1, '', 'Rua Frei Cipriano', 73, 3, 0, 2, 1, True); INSERT INTO public."Management"(partner_id, price, tax_rate, property_tax, created_on, is_available) VALUES ('5703493', 275000, 50, 380, '2021-09-08 02:56:50.096148', True); 
INSERT INTO public."Property"(partner_id, partner_code, type_id, district_id, city_id, goal_id, "number", street, size, bedroom_number, room_number, bath_number, parking_number, new_ad) 
                      VALUES (5703486, '341073', 1, 173, 1, 1, '', 'Rua Francisco Castelnau', 54, 2, 0, 1, 1, True); INSERT INTO public."Management"(partner_id, price, tax_rate, property_tax, created_on, is_available) VALUES ('5703486', 165000, 17, 300, '2021-09-08 02:56:50.205523', True); 
INSERT INTO public."Property"(partner_id, partner_code, type_id, district_id, city_id, goal_id, "number", street, size, bedroom_number, room_number, bath_number, parking_number, new_ad) 
                      VALUES (5703423, '342318', 1, 178, 1, 1, '', 'Avenida Barao Homem de Melo', 40, 1, 0, 1, 1, True); INSERT INTO public."Management"(partner_id, price, tax_rate, property_tax, created_on, is_available) VALUES ('5703423', 330000, 0, 500, '2021-09-08 02:59:38.505294', True); 
INSERT INTO public."Property"(partner_id, partner_code, type_id, district_id, city_id, goal_id, "number", street, size, bedroom_number, room_number, bath_number, parking_number, new_ad) 
                      VALUES (5703519, '340745', 1, 179, 1, 1, '', 'Rua Horta Barbosa', 110, 3, 0, 2, 2, True); INSERT INTO public."Management"(partner_id, price, tax_rate, property_tax, created_on, is_available) VALUES ('5703519', 500000, 144, 350, '2021-09-08 03:00:13.157556', True); 
INSERT INTO public."Property"(partner_id, partner_code, type_id, district_id, city_id, goal_id, "number", street, size, bedroom_number, room_number, bath_number, parking_number, new_ad) 
                      VALUES (5703472, '341581', 1, 181, 1, 1, '', 'Rua Boaventura', 70, 1, 0, 1, 1, True); INSERT INTO public."Management"(partner_id, price, tax_rate, property_tax, created_on, is_available) VALUES ('5703472', 360000, 50, 150, '2021-09-08 03:01:20.634666', True); 
INSERT INTO public."Property"(partner_id, partner_code, type_id, district_id, city_id, goal_id, "number", street, size, bedroom_number, room_number, bath_number, parking_number, new_ad) 
                      VALUES (5703567, '340756', 1, 187, 1, 1, '', 'Rua Padre Leopoldo Mertens', 52, 2, 0, 1, 1, True); INSERT INTO public."Management"(partner_id, price, tax_rate, property_tax, created_on, is_available) VALUES ('5703567', 150000, 0, 200, '2021-09-08 03:04:20.020795', True); 
INSERT INTO public."Property"(partner_id, partner_code, type_id, district_id, city_id, goal_id, "number", street, size, bedroom_number, room_number, bath_number, parking_number, new_ad) 
                      VALUES (5703485, '344592', 1, 187, 1, 1, '', 'Rua Beira Alta', 72, 3, 0, 2, 2, True); INSERT INTO public."Management"(partner_id, price, tax_rate, property_tax, created_on, is_available) VALUES ('5703485', 360000, 92, 360, '2021-09-08 03:04:20.130162', True); 
INSERT INTO public."Property"(partner_id, partner_code, type_id, district_id, city_id, goal_id, "number", street, size, bedroom_number, room_number, bath_number, parking_number, new_ad) 
                      VALUES (5703412, '342320', 1, 187, 1, 1, '', 'Rua Porto', 67, 2, 0, 1, 1, True); INSERT INTO public."Management"(partner_id, price, tax_rate, property_tax, created_on, is_available) VALUES ('5703412', 178000, 0, 150, '2021-09-08 03:04:20.242584', True); 
INSERT INTO public."Property"(partner_id, partner_code, type_id, district_id, city_id, goal_id, "number", street, size, bedroom_number, room_number, bath_number, parking_number, new_ad) 
                      VALUES (5703377, '340759', 1, 187, 1, 1, '', 'Rua Beira Alta', 72, 3, 0, 2, 2, True); INSERT INTO public."Management"(partner_id, price, tax_rate, property_tax, created_on, is_available) VALUES ('5703377', 380000, 75, 456, '2021-09-08 03:04:20.367588', True); 
INSERT INTO public."Property"(partner_id, partner_code, type_id, district_id, city_id, goal_id, "number", street, size, bedroom_number, room_number, bath_number, parking_number, new_ad) 
                      VALUES (5703566, '340758', 1, 199, 1, 1, '', 'Rua Balsamar', 70, 3, 0, 2, 1, True); INSERT INTO public."Management"(partner_id, price, tax_rate, property_tax, created_on, is_available) VALUES ('5703566', 430000, 80, 300, '2021-09-08 03:10:20.357246', True); 
INSERT INTO public."Property"(partner_id, partner_code, type_id, district_id, city_id, goal_id, "number", street, size, bedroom_number, room_number, bath_number, parking_number, new_ad) 
                      VALUES (5703550, '341982', 1, 229, 1, 1, '', 'Rua Camapuan', 127, 4, 0, 2, 3, True); INSERT INTO public."Management"(partner_id, price, tax_rate, property_tax, created_on, is_available) VALUES ('5703550', 954000, 500, 1100, '2021-09-08 03:25:22.262303', True); 
INSERT INTO public."Property"(partner_id, partner_code, type_id, district_id, city_id, goal_id, "number", street, size, bedroom_number, room_number, bath_number, parking_number, new_ad) 
                      VALUES (5703444, '341370', 1, 229, 1, 1, '', 'Rua Canaa', 98, 3, 0, 2, 1, True); INSERT INTO public."Management"(partner_id, price, tax_rate, property_tax, created_on, is_available) VALUES ('5703444', 390000, 112, 757, '2021-09-08 03:25:22.371675', True); 
INSERT INTO public."Property"(partner_id, partner_code, type_id, district_id, city_id, goal_id, "number", street, size, bedroom_number, room_number, bath_number, parking_number, new_ad) 
                      VALUES (5703454, '341987', 1, 239, 1, 1, '', 'Rua Doutor Newton de Paiva Ferreira', 180, 3, 0, 3, 2, True); INSERT INTO public."Management"(partner_id, price, tax_rate, property_tax, created_on, is_available) VALUES ('5703454', 635000, 195, 370, '2021-09-08 03:30:17.960339', True); 
INSERT INTO public."Property"(partner_id, partner_code, type_id, district_id, city_id, goal_id, "number", street, size, bedroom_number, room_number, bath_number, parking_number, new_ad) 
                      VALUES (5703387, '339592', 1, 239, 1, 1, '', 'Rua Paulino Marques Gontijo', 70, 2, 0, 1, 1, True); INSERT INTO public."Management"(partner_id, price, tax_rate, property_tax, created_on, is_available) VALUES ('5703387', 300000, 104, 500, '2021-09-08 03:30:18.069713', True); 
INSERT INTO public."Property"(partner_id, partner_code, type_id, district_id, city_id, goal_id, "number", street, size, bedroom_number, room_number, bath_number, parking_number, new_ad) 
                      VALUES (5703580, '2537', 1, 268, 1, 1, '', 'Embaixador Jose Aparecido', 55, 2, 1, 1, 1, True); INSERT INTO public."Management"(partner_id, price, tax_rate, property_tax, created_on, is_available) VALUES ('5703580', 165000, 0, 280, '2021-09-08 03:43:56.590304', True); 
INSERT INTO public."Property"(partner_id, partner_code, type_id, district_id, city_id, goal_id, "number", street, size, bedroom_number, room_number, bath_number, parking_number, new_ad) 
                      VALUES (5703495, '344260', 1, 318, 1, 1, '', 'Rua Barroso Junior', 78, 3, 0, 1, 1, True); INSERT INTO public."Management"(partner_id, price, tax_rate, property_tax, created_on, is_available) VALUES ('5703495', 340000, 0, 240, '2021-09-08 04:07:06.081626', True); 
 



 -------------------------------------------------------- Script shot in 2021-09-08 05:49:14.821126 ------------------------------------------------------------------------------------------ 

 no property sold 



 -------------------------------------------------------- Script shot in 2021-09-08 05:49:14.940001 ------------------------------------------------------------------------------------------ 

 INSERT INTO public."Job"(name, created_on, has_error, error_description) VALUES ('routine', '2021-09-08 05:49:14.822309', False, ''); 



 -------------------------------------------------------- Script shot in 2021-09-08 14:20:26.585283 ------------------------------------------------------------------------------------------ 

 INSERT INTO public."Property"(partner_id, partner_code, type_id, district_id, city_id, goal_id, "number", street, size, bedroom_number, room_number, bath_number, parking_number, new_ad) 
                      VALUES (5703522, '344257', 1, 112, 1, 1, '', 'Rua Dom Aristides Porto', 180, 4, 0, 2, 2, True); INSERT INTO public."Management"(partner_id, price, tax_rate, property_tax, created_on, is_available) VALUES ('5703522', 450000, 89, 300, '2021-09-08 11:45:44.828856', True); 
INSERT INTO public."Property"(partner_id, partner_code, type_id, district_id, city_id, goal_id, "number", street, size, bedroom_number, room_number, bath_number, parking_number, new_ad) 
                      VALUES (5703420, '344598', 1, 112, 1, 1, '', 'Rua Dom Joaquim Silverio', 137, 3, 0, 2, 2, True); INSERT INTO public."Management"(partner_id, price, tax_rate, property_tax, created_on, is_available) VALUES ('5703420', 750000, 240, 960, '2021-09-08 11:45:45.052074', True); 
INSERT INTO public."Property"(partner_id, partner_code, type_id, district_id, city_id, goal_id, "number", street, size, bedroom_number, room_number, bath_number, parking_number, new_ad) 
                      VALUES (5703470, '340747', 1, 127, 1, 1, '', 'Rua Furtado de Menezes', 80, 3, 0, 3, 2, True); INSERT INTO public."Management"(partner_id, price, tax_rate, property_tax, created_on, is_available) VALUES ('5703470', 500000, 0, 160, '2021-09-08 11:59:29.326154', True); 
 



 -------------------------------------------------------- Script shot in 2021-09-08 14:20:26.978492 ------------------------------------------------------------------------------------------ 

 INSERT INTO public."Job"(name, created_on, has_error, error_description) VALUES ('routine', '2021-09-08 14:20:26.597022', False, ''); 

