

 -------------------------------------------------------- Script shot in 2021-09-25 03:27:36.664469 ------------------------------------------------------------------------------------------ 

 INSERT INTO public."Property"(partner_id, partner_code, type_id, district_id, city_id, goal_id, "number", street, size, bedroom_number, room_number, bath_number, parking_number, new_ad) 
                      VALUES (5885525, '351204', 1, 1, 1, 1, '', 'Rua Antonio Torres', 60, 2, 1, 3, 2, True); INSERT INTO public."Management"(partner_id, price, tax_rate, property_tax, created_on, is_available) VALUES ('5885525', 353400, 0, 0, '2021-09-25 00:02:46.857724', True); 
INSERT INTO public."Property"(partner_id, partner_code, type_id, district_id, city_id, goal_id, "number", street, size, bedroom_number, room_number, bath_number, parking_number, new_ad) 
                      VALUES (5885518, '351206', 1, 1, 1, 1, '', 'Rua Antonio Torres', 106, 3, 1, 2, 2, True); INSERT INTO public."Management"(partner_id, price, tax_rate, property_tax, created_on, is_available) VALUES ('5885518', 552600, 0, 0, '2021-09-25 00:02:47.077782', True); 
INSERT INTO public."Property"(partner_id, partner_code, type_id, district_id, city_id, goal_id, "number", street, size, bedroom_number, room_number, bath_number, parking_number, new_ad) 
                      VALUES (5885483, '351205', 1, 1, 1, 1, '', 'Rua Antonio Torres', 104, 3, 1, 2, 2, True); INSERT INTO public."Management"(partner_id, price, tax_rate, property_tax, created_on, is_available) VALUES ('5885483', 533952, 0, 0, '2021-09-25 00:02:47.185781', True); 
INSERT INTO public."Property"(partner_id, partner_code, type_id, district_id, city_id, goal_id, "number", street, size, bedroom_number, room_number, bath_number, parking_number, new_ad) 
                      VALUES (5885457, '351656', 1, 1, 1, 1, '', 'Rua Genoveva de Souza', 94, 3, 1, 2, 2, True); INSERT INTO public."Management"(partner_id, price, tax_rate, property_tax, created_on, is_available) VALUES ('5885457', 890000, 221, 530, '2021-09-25 00:02:47.297295', True); 
INSERT INTO public."Property"(partner_id, partner_code, type_id, district_id, city_id, goal_id, "number", street, size, bedroom_number, room_number, bath_number, parking_number, new_ad) 
                      VALUES (5885500, '351571', 1, 1, 1, 1, '', 'Avenida Petrolina', 55, 2, 1, 1, 1, True); INSERT INTO public."Management"(partner_id, price, tax_rate, property_tax, created_on, is_available) VALUES ('5885500', 260000, 100, 652, '2021-09-25 00:02:49.196587', True); 
INSERT INTO public."Property"(partner_id, partner_code, type_id, district_id, city_id, goal_id, "number", street, size, bedroom_number, room_number, bath_number, parking_number, new_ad) 
                      VALUES (5885510, '351667', 1, 2, 1, 1, '', 'Rua Stella Hanriot', 200, 3, 2, 3, 3, True); INSERT INTO public."Management"(partner_id, price, tax_rate, property_tax, created_on, is_available) VALUES ('5885510', 1050000, 0, 0, '2021-09-25 00:04:35.755319', True); 
INSERT INTO public."Property"(partner_id, partner_code, type_id, district_id, city_id, goal_id, "number", street, size, bedroom_number, room_number, bath_number, parking_number, new_ad) 
                      VALUES (5885502, '351577', 1, 2, 1, 1, '', 'Rua Maria Heilbuth Surette', 130, 4, 1, 2, 2, True); INSERT INTO public."Management"(partner_id, price, tax_rate, property_tax, created_on, is_available) VALUES ('5885502', 770000, 300, 0, '2021-09-25 00:04:35.971797', True); 
INSERT INTO public."Property"(partner_id, partner_code, type_id, district_id, city_id, goal_id, "number", street, size, bedroom_number, room_number, bath_number, parking_number, new_ad) 
                      VALUES (5885480, '351657', 1, 2, 1, 1, '', 'Rua Tereza Mota Valadares', 85, 4, 1, 2, 1, True); INSERT INTO public."Management"(partner_id, price, tax_rate, property_tax, created_on, is_available) VALUES ('5885480', 380000, 132, 310, '2021-09-25 00:04:36.078798', True); 
INSERT INTO public."Property"(partner_id, partner_code, type_id, district_id, city_id, goal_id, "number", street, size, bedroom_number, room_number, bath_number, parking_number, new_ad) 
                      VALUES (5885511, '351636', 1, 5, 1, 1, '', 'Rua dos Xavantes', 82, 3, 1, 1, 1, True); INSERT INTO public."Management"(partner_id, price, tax_rate, property_tax, created_on, is_available) VALUES ('5885511', 265000, 0, 0, '2021-09-25 00:07:53.064105', True); 
INSERT INTO public."Property"(partner_id, partner_code, type_id, district_id, city_id, goal_id, "number", street, size, bedroom_number, room_number, bath_number, parking_number, new_ad) 
                      VALUES (5885496, '351620', 1, 5, 1, 1, '', 'Rua dos Zapotecas', 56, 3, 1, 1, 1, True); INSERT INTO public."Management"(partner_id, price, tax_rate, property_tax, created_on, is_available) VALUES ('5885496', 250000, 74, 330, '2021-09-25 00:07:53.280972', True); 
INSERT INTO public."Property"(partner_id, partner_code, type_id, district_id, city_id, goal_id, "number", street, size, bedroom_number, room_number, bath_number, parking_number, new_ad) 
                      VALUES (5862016, '2487', 1, 5, 1, 1, '', 'Jose Fernandes dos Reis', 51, 2, 1, 1, 1, True); INSERT INTO public."Management"(partner_id, price, tax_rate, property_tax, created_on, is_available) VALUES ('5862016', 225000, 0, 0, '2021-09-25 00:08:08.881279', True); 
INSERT INTO public."Property"(partner_id, partner_code, type_id, district_id, city_id, goal_id, "number", street, size, bedroom_number, room_number, bath_number, parking_number, new_ad) 
                      VALUES (5674804, '2592', 1, 5, 1, 1, '', 'Maria Silvia', 70, 3, 2, 2, 2, True); INSERT INTO public."Management"(partner_id, price, tax_rate, property_tax, created_on, is_available) VALUES ('5674804', 395000, 0, 0, '2021-09-25 00:08:12.196554', True); 
INSERT INTO public."Property"(partner_id, partner_code, type_id, district_id, city_id, goal_id, "number", street, size, bedroom_number, room_number, bath_number, parking_number, new_ad) 
                      VALUES (5896306, '364506', 1, 7, 1, 1, '', 'Rua Jose Cleto', 45, 2, 1, 1, 1, True); INSERT INTO public."Management"(partner_id, price, tax_rate, property_tax, created_on, is_available) VALUES ('5896306', 205000, 0, 0, '2021-09-25 00:11:05.647972', True); 
INSERT INTO public."Property"(partner_id, partner_code, type_id, district_id, city_id, goal_id, "number", street, size, bedroom_number, room_number, bath_number, parking_number, new_ad) 
                      VALUES (5861923, '351504', 1, 8, 1, 1, '', 'Rua Abre Campo', 65, 2, 1, 2, 1, True); INSERT INTO public."Management"(partner_id, price, tax_rate, property_tax, created_on, is_available) VALUES ('5861923', 380000, 0, 350, '2021-09-25 00:12:13.263064', True); 
INSERT INTO public."Property"(partner_id, partner_code, type_id, district_id, city_id, goal_id, "number", street, size, bedroom_number, room_number, bath_number, parking_number, new_ad) 
                      VALUES (5896273, '351640', 1, 13, 1, 1, '', 'Rua Americo Scotti', 83, 3, 1, 2, 3, True); INSERT INTO public."Management"(partner_id, price, tax_rate, property_tax, created_on, is_available) VALUES ('5896273', 1300000, 334, 1207, '2021-09-25 00:19:15.546912', True); 
INSERT INTO public."Property"(partner_id, partner_code, type_id, district_id, city_id, goal_id, "number", street, size, bedroom_number, room_number, bath_number, parking_number, new_ad) 
                      VALUES (4308670, '321023', 1, 14, 1, 1, '', 'Rua Groenlandia', 105, 2, 0, 2, 2, True); INSERT INTO public."Management"(partner_id, price, tax_rate, property_tax, created_on, is_available) VALUES ('4308670', 935000, 247, 1100, '2021-09-25 00:19:47.468243', True); 
INSERT INTO public."Property"(partner_id, partner_code, type_id, district_id, city_id, goal_id, "number", street, size, bedroom_number, room_number, bath_number, parking_number, new_ad) 
                      VALUES (5896253, '351677', 1, 14, 1, 1, '', 'Rua da Groelandia', 105, 3, 1, 2, 2, True); INSERT INTO public."Management"(partner_id, price, tax_rate, property_tax, created_on, is_available) VALUES ('5896253', 880000, 0, 850, '2021-09-25 00:21:00.329244', True); 
INSERT INTO public."Property"(partner_id, partner_code, type_id, district_id, city_id, goal_id, "number", street, size, bedroom_number, room_number, bath_number, parking_number, new_ad) 
                      VALUES (5896286, '351565', 1, 15, 1, 1, '', 'Rua Santa Catarina', 85, 3, 1, 2, 2, True); INSERT INTO public."Management"(partner_id, price, tax_rate, property_tax, created_on, is_available) VALUES ('5896286', 1100000, 414, 0, '2021-09-25 00:22:42.910650', True); 
INSERT INTO public."Property"(partner_id, partner_code, type_id, district_id, city_id, goal_id, "number", street, size, bedroom_number, room_number, bath_number, parking_number, new_ad) 
                      VALUES (5896266, '351717', 1, 15, 1, 1, '', 'Rua Sao Paulo', 215, 4, 3, 3, 2, True); INSERT INTO public."Management"(partner_id, price, tax_rate, property_tax, created_on, is_available) VALUES ('5896266', 2700000, 545, 1800, '2021-09-25 00:22:43.115804', True); 
INSERT INTO public."Property"(partner_id, partner_code, type_id, district_id, city_id, goal_id, "number", street, size, bedroom_number, room_number, bath_number, parking_number, new_ad) 
                      VALUES (5896288, '351688', 1, 16, 1, 1, '', 'Avenida Deputado Anuar Menhen', 60, 2, 1, 2, 1, True); INSERT INTO public."Management"(partner_id, price, tax_rate, property_tax, created_on, is_available) VALUES ('5896288', 225000, 80, 300, '2021-09-25 00:25:14.602797', True); 
INSERT INTO public."Property"(partner_id, partner_code, type_id, district_id, city_id, goal_id, "number", street, size, bedroom_number, room_number, bath_number, parking_number, new_ad) 
                      VALUES (5896234, '351628', 1, 16, 1, 1, '', 'Rua Deputado Salim Nacur', 60, 2, 0, 2, 1, True); INSERT INTO public."Management"(partner_id, price, tax_rate, property_tax, created_on, is_available) VALUES ('5896234', 335000, 110, 350, '2021-09-25 00:25:14.724798', True); 
INSERT INTO public."Property"(partner_id, partner_code, type_id, district_id, city_id, goal_id, "number", street, size, bedroom_number, room_number, bath_number, parking_number, new_ad) 
                      VALUES (5896260, '351579', 1, 18, 1, 1, '', 'Rua Padre Marinho', 68, 2, 1, 2, 2, True); INSERT INTO public."Management"(partner_id, price, tax_rate, property_tax, created_on, is_available) VALUES ('5896260', 999128, 0, 0, '2021-09-25 00:27:02.048454', True); 
INSERT INTO public."Property"(partner_id, partner_code, type_id, district_id, city_id, goal_id, "number", street, size, bedroom_number, room_number, bath_number, parking_number, new_ad) 
                      VALUES (5896240, '351194', 1, 21, 1, 1, '', 'Rua Almirante Alexandrino', 188, 4, 1, 4, 3, True); INSERT INTO public."Management"(partner_id, price, tax_rate, property_tax, created_on, is_available) VALUES ('5896240', 1590000, 0, 0, '2021-09-25 00:30:00.642794', True); 
INSERT INTO public."Property"(partner_id, partner_code, type_id, district_id, city_id, goal_id, "number", street, size, bedroom_number, room_number, bath_number, parking_number, new_ad) 
                      VALUES (5896292, '364523', 1, 23, 1, 1, '', 'Rua Desembargador Jose Satyro', 58, 3, 1, 1, 1, True); INSERT INTO public."Management"(partner_id, price, tax_rate, property_tax, created_on, is_available) VALUES ('5896292', 260000, 0, 0, '2021-09-25 00:32:49.962490', True); 
INSERT INTO public."Property"(partner_id, partner_code, type_id, district_id, city_id, goal_id, "number", street, size, bedroom_number, room_number, bath_number, parking_number, new_ad) 
                      VALUES (5896235, '351729', 1, 23, 1, 1, '', 'Rua Desembargador Jose Satyro', 70, 3, 0, 3, 2, True); INSERT INTO public."Management"(partner_id, price, tax_rate, property_tax, created_on, is_available) VALUES ('5896235', 585000, 135, 360, '2021-09-25 00:32:50.181372', True); 
INSERT INTO public."Property"(partner_id, partner_code, type_id, district_id, city_id, goal_id, "number", street, size, bedroom_number, room_number, bath_number, parking_number, new_ad) 
                      VALUES (5862050, '2437', 1, 24, 1, 1, '', 'Terezinha Lopes de Azevedo', 50, 2, 1, 1, 1, True); INSERT INTO public."Management"(partner_id, price, tax_rate, property_tax, created_on, is_available) VALUES ('5862050', 165000, 0, 0, '2021-09-25 00:34:10.619742', True); 
INSERT INTO public."Property"(partner_id, partner_code, type_id, district_id, city_id, goal_id, "number", street, size, bedroom_number, room_number, bath_number, parking_number, new_ad) 
                      VALUES (5866576, 'AP0810_DE', 1, 24, 1, 1, '', 'Rua Osorio Duque Estrada', 48, 2, 0, 1, 1, True); INSERT INTO public."Management"(partner_id, price, tax_rate, property_tax, created_on, is_available) VALUES ('5866576', 248900, 0, 0, '2021-09-25 00:35:29.440767', True); 
INSERT INTO public."Property"(partner_id, partner_code, type_id, district_id, city_id, goal_id, "number", street, size, bedroom_number, room_number, bath_number, parking_number, new_ad) 
                      VALUES (5868245, 'AP0560_DE', 1, 24, 1, 1, '', 'Rua Capitao Leonidio Soares', 85, 3, 0, 2, 2, True); INSERT INTO public."Management"(partner_id, price, tax_rate, property_tax, created_on, is_available) VALUES ('5868245', 420000, 0, 0, '2021-09-25 00:35:32.536508', True); 
INSERT INTO public."Property"(partner_id, partner_code, type_id, district_id, city_id, goal_id, "number", street, size, bedroom_number, room_number, bath_number, parking_number, new_ad) 
                      VALUES (5867651, 'AP0004_DE', 1, 24, 1, 1, '', 'Rua Francisco Augusto Rocha', 55, 2, 0, 2, 1, True); INSERT INTO public."Management"(partner_id, price, tax_rate, property_tax, created_on, is_available) VALUES ('5867651', 270000, 0, 330, '2021-09-25 00:35:33.993683', True); 
INSERT INTO public."Property"(partner_id, partner_code, type_id, district_id, city_id, goal_id, "number", street, size, bedroom_number, room_number, bath_number, parking_number, new_ad) 
                      VALUES (5868969, 'AP1034_DE', 1, 24, 1, 1, '', 'Rua Professor Massanielo Santos', 65, 3, 0, 2, 1, True); INSERT INTO public."Management"(partner_id, price, tax_rate, property_tax, created_on, is_available) VALUES ('5868969', 349000, 0, 0, '2021-09-25 00:35:37.291025', True); 
INSERT INTO public."Property"(partner_id, partner_code, type_id, district_id, city_id, goal_id, "number", street, size, bedroom_number, room_number, bath_number, parking_number, new_ad) 
                      VALUES (5885491, '351686', 1, 25, 1, 1, '', 'Rua Doutor Alvaro Camargos', 56, 2, 1, 1, 1, True); INSERT INTO public."Management"(partner_id, price, tax_rate, property_tax, created_on, is_available) VALUES ('5885491', 155000, 72, 160, '2021-09-25 00:36:47.691881', True); 
INSERT INTO public."Property"(partner_id, partner_code, type_id, district_id, city_id, goal_id, "number", street, size, bedroom_number, room_number, bath_number, parking_number, new_ad) 
                      VALUES (5896313, 'AP1724', 1, 30, 1, 1, '', 'Rua Conceicao da Aparecida', 80, 3, 1, 2, 1, True); INSERT INTO public."Management"(partner_id, price, tax_rate, property_tax, created_on, is_available) VALUES ('5896313', 387000, 94, 200, '2021-09-25 00:43:21.563959', True); 
INSERT INTO public."Property"(partner_id, partner_code, type_id, district_id, city_id, goal_id, "number", street, size, bedroom_number, room_number, bath_number, parking_number, new_ad) 
                      VALUES (5896298, '350856', 1, 33, 1, 1, '', 'Rua Deputado Bernardino de Sena Figueiredo', 94, 3, 1, 2, 2, True); INSERT INTO public."Management"(partner_id, price, tax_rate, property_tax, created_on, is_available) VALUES ('5896298', 750000, 0, 0, '2021-09-25 00:45:49.229577', True); 
INSERT INTO public."Property"(partner_id, partner_code, type_id, district_id, city_id, goal_id, "number", street, size, bedroom_number, room_number, bath_number, parking_number, new_ad) 
                      VALUES (5896279, '351621', 1, 33, 1, 1, '', 'Rua Doutor Plinio de Morais', 95, 3, 1, 3, 1, True); INSERT INTO public."Management"(partner_id, price, tax_rate, property_tax, created_on, is_available) VALUES ('5896279', 450000, 0, 350, '2021-09-25 00:45:49.448738', True); 
INSERT INTO public."Property"(partner_id, partner_code, type_id, district_id, city_id, goal_id, "number", street, size, bedroom_number, room_number, bath_number, parking_number, new_ad) 
                      VALUES (5896249, '364531', 1, 36, 1, 1, '', 'Rua Deputado Sebastiao Nascimento', 90, 3, 2, 1, 1, True); INSERT INTO public."Management"(partner_id, price, tax_rate, property_tax, created_on, is_available) VALUES ('5896249', 225000, 0, 0, '2021-09-25 00:47:56.595097', True); 
INSERT INTO public."Property"(partner_id, partner_code, type_id, district_id, city_id, goal_id, "number", street, size, bedroom_number, room_number, bath_number, parking_number, new_ad) 
                      VALUES (4567578, '328753', 1, 37, 1, 1, '', 'Rua Doutor Orestes Diniz', 88, 3, 0, 2, 1, True); INSERT INTO public."Management"(partner_id, price, tax_rate, property_tax, created_on, is_available) VALUES ('4567578', 288000, 64, 230, '2021-09-25 00:48:26.878951', True); 
INSERT INTO public."Property"(partner_id, partner_code, type_id, district_id, city_id, goal_id, "number", street, size, bedroom_number, room_number, bath_number, parking_number, new_ad) 
                      VALUES (5896300, '350861', 1, 37, 1, 1, '', 'Rua Monte Simplon', 82, 3, 1, 2, 2, True); INSERT INTO public."Management"(partner_id, price, tax_rate, property_tax, created_on, is_available) VALUES ('5896300', 535000, 0, 0, '2021-09-25 00:49:06.329410', True); 
INSERT INTO public."Property"(partner_id, partner_code, type_id, district_id, city_id, goal_id, "number", street, size, bedroom_number, room_number, bath_number, parking_number, new_ad) 
                      VALUES (5828762, '350768', 1, 39, 1, 1, '', 'Rua Joao das Chagas', 117, 2, 0, 2, 1, True); INSERT INTO public."Management"(partner_id, price, tax_rate, property_tax, created_on, is_available) VALUES ('5828762', 380000, 58, 1000, '2021-09-25 00:50:25.116506', True); 
INSERT INTO public."Property"(partner_id, partner_code, type_id, district_id, city_id, goal_id, "number", street, size, bedroom_number, room_number, bath_number, parking_number, new_ad) 
                      VALUES (5896301, '364500', 1, 39, 1, 1, '', 'Rua Nelson', 100, 3, 1, 2, 3, True); INSERT INTO public."Management"(partner_id, price, tax_rate, property_tax, created_on, is_available) VALUES ('5896301', 480000, 0, 0, '2021-09-25 00:50:29.677458', True); 
INSERT INTO public."Property"(partner_id, partner_code, type_id, district_id, city_id, goal_id, "number", street, size, bedroom_number, room_number, bath_number, parking_number, new_ad) 
                      VALUES (5896291, '364542', 1, 39, 1, 1, '', 'Rua Leoncio Chagas', 96, 3, 1, 2, 3, True); INSERT INTO public."Management"(partner_id, price, tax_rate, property_tax, created_on, is_available) VALUES ('5896291', 500000, 0, 0, '2021-09-25 00:50:29.890729', True); 
INSERT INTO public."Property"(partner_id, partner_code, type_id, district_id, city_id, goal_id, "number", street, size, bedroom_number, room_number, bath_number, parking_number, new_ad) 
                      VALUES (5890229, '1942', 1, 52, 1, 1, '', 'Julio Pires Malta', 110, 3, 1, 2, 1, True); INSERT INTO public."Management"(partner_id, price, tax_rate, property_tax, created_on, is_available) VALUES ('5890229', 299000, 0, 1, '2021-09-25 01:01:20.095204', True); 
INSERT INTO public."Property"(partner_id, partner_code, type_id, district_id, city_id, goal_id, "number", street, size, bedroom_number, room_number, bath_number, parking_number, new_ad) 
                      VALUES (5896299, '364514', 1, 53, 1, 1, '', 'Rua Odilon Braga', 134, 4, 2, 2, 2, True); INSERT INTO public."Management"(partner_id, price, tax_rate, property_tax, created_on, is_available) VALUES ('5896299', 670000, 178, 347, '2021-09-25 01:02:31.525856', True); 
INSERT INTO public."Property"(partner_id, partner_code, type_id, district_id, city_id, goal_id, "number", street, size, bedroom_number, room_number, bath_number, parking_number, new_ad) 
                      VALUES (5896294, '351583', 1, 53, 1, 1, '', 'Rua Joaquim Linhares', 82, 3, 1, 3, 2, True); INSERT INTO public."Management"(partner_id, price, tax_rate, property_tax, created_on, is_available) VALUES ('5896294', 640000, 147, 0, '2021-09-25 01:02:31.733130', True); 
INSERT INTO public."Property"(partner_id, partner_code, type_id, district_id, city_id, goal_id, "number", street, size, bedroom_number, room_number, bath_number, parking_number, new_ad) 
                      VALUES (5896268, '346311', 1, 53, 1, 1, '', 'Rua Engenheiro Amaro Lanari', 122, 3, 1, 2, 2, True); INSERT INTO public."Management"(partner_id, price, tax_rate, property_tax, created_on, is_available) VALUES ('5896268', 1100000, 418, 0, '2021-09-25 01:02:31.955611', True); 
INSERT INTO public."Property"(partner_id, partner_code, type_id, district_id, city_id, goal_id, "number", street, size, bedroom_number, room_number, bath_number, parking_number, new_ad) 
                      VALUES (5896264, '351701', 1, 54, 1, 1, '', 'Rua Wilson Modesto Ribeiro', 55, 2, 1, 1, 1, True); INSERT INTO public."Management"(partner_id, price, tax_rate, property_tax, created_on, is_available) VALUES ('5896264', 270000, 0, 450, '2021-09-25 01:03:22.642714', True); 
INSERT INTO public."Property"(partner_id, partner_code, type_id, district_id, city_id, goal_id, "number", street, size, bedroom_number, room_number, bath_number, parking_number, new_ad) 
                      VALUES (5896276, '364516', 1, 58, 1, 1, '', 'Rua Siria', 82, 3, 1, 2, 2, True); INSERT INTO public."Management"(partner_id, price, tax_rate, property_tax, created_on, is_available) VALUES ('5896276', 699000, 0, 290, '2021-09-25 01:06:55.388753', True); 
INSERT INTO public."Property"(partner_id, partner_code, type_id, district_id, city_id, goal_id, "number", street, size, bedroom_number, room_number, bath_number, parking_number, new_ad) 
                      VALUES (5896250, '364507', 1, 58, 1, 1, '', 'Rua Sapucai', 55, 1, 1, 1, 1, True); INSERT INTO public."Management"(partner_id, price, tax_rate, property_tax, created_on, is_available) VALUES ('5896250', 290000, 0, 0, '2021-09-25 01:06:55.501266', True); 
INSERT INTO public."Property"(partner_id, partner_code, type_id, district_id, city_id, goal_id, "number", street, size, bedroom_number, room_number, bath_number, parking_number, new_ad) 
                      VALUES (5896248, '351730', 1, 59, 1, 1, '', 'Rua Rio Grande do Norte', 30, 1, 0, 1, 1, True); INSERT INTO public."Management"(partner_id, price, tax_rate, property_tax, created_on, is_available) VALUES ('5896248', 259000, 185, 1000, '2021-09-25 01:08:21.220286', True); 
INSERT INTO public."Property"(partner_id, partner_code, type_id, district_id, city_id, goal_id, "number", street, size, bedroom_number, room_number, bath_number, parking_number, new_ad) 
                      VALUES (5896275, '351693', 1, 74, 1, 1, '', 'Rua Martim de Carvalho', 178, 4, 1, 4, 3, True); INSERT INTO public."Management"(partner_id, price, tax_rate, property_tax, created_on, is_available) VALUES ('5896275', 2200000, 0, 0, '2021-09-25 01:20:48.138127', True); 
INSERT INTO public."Property"(partner_id, partner_code, type_id, district_id, city_id, goal_id, "number", street, size, bedroom_number, room_number, bath_number, parking_number, new_ad) 
                      VALUES (329193, '621', 1, 83, 1, 1, '', 'Doutor Jose Esteves Rodrigues', 124, 3, 1, 2, 2, True); INSERT INTO public."Management"(partner_id, price, tax_rate, property_tax, created_on, is_available) VALUES ('329193', 540000, 0, 433, '2021-09-25 01:28:12.317705', True); 
INSERT INTO public."Property"(partner_id, partner_code, type_id, district_id, city_id, goal_id, "number", street, size, bedroom_number, room_number, bath_number, parking_number, new_ad) 
                      VALUES (5896281, '364554', 1, 102, 1, 1, '', 'Rua Cobre', 219, 2, 1, 3, 2, True); INSERT INTO public."Management"(partner_id, price, tax_rate, property_tax, created_on, is_available) VALUES ('5896281', 1090000, 0, 0, '2021-09-25 01:42:32.397481', True); 
INSERT INTO public."Property"(partner_id, partner_code, type_id, district_id, city_id, goal_id, "number", street, size, bedroom_number, room_number, bath_number, parking_number, new_ad) 
                      VALUES (5896258, '345529', 1, 102, 1, 1, '', 'Rua Jornalista Jair Silva', 96, 3, 1, 2, 1, True); INSERT INTO public."Management"(partner_id, price, tax_rate, property_tax, created_on, is_available) VALUES ('5896258', 440000, 137, 350, '2021-09-25 01:42:32.508968', True); 
INSERT INTO public."Property"(partner_id, partner_code, type_id, district_id, city_id, goal_id, "number", street, size, bedroom_number, room_number, bath_number, parking_number, new_ad) 
                      VALUES (5896257, '364520', 1, 102, 1, 1, '', 'Rua Oliveira', 100, 2, 1, 3, 2, True); INSERT INTO public."Management"(partner_id, price, tax_rate, property_tax, created_on, is_available) VALUES ('5896257', 780000, 0, 0, '2021-09-25 01:42:32.623967', True); 
INSERT INTO public."Property"(partner_id, partner_code, type_id, district_id, city_id, goal_id, "number", street, size, bedroom_number, room_number, bath_number, parking_number, new_ad) 
                      VALUES (5890819, '662016', 1, 109, 1, 1, '', 'Rua izaura pereira almeida', 67, 2, 0, 0, 0, True); INSERT INTO public."Management"(partner_id, price, tax_rate, property_tax, created_on, is_available) VALUES ('5890819', 125200, 0, 0, '2021-09-25 01:47:04.886606', True); 
INSERT INTO public."Property"(partner_id, partner_code, type_id, district_id, city_id, goal_id, "number", street, size, bedroom_number, room_number, bath_number, parking_number, new_ad) 
                      VALUES (5890813, '662026', 1, 109, 1, 1, '', 'Rua jovina gomes de souza', 67, 2, 0, 0, 0, True); INSERT INTO public."Management"(partner_id, price, tax_rate, property_tax, created_on, is_available) VALUES ('5890813', 102068, 0, 0, '2021-09-25 01:47:05.095429', True); 
INSERT INTO public."Property"(partner_id, partner_code, type_id, district_id, city_id, goal_id, "number", street, size, bedroom_number, room_number, bath_number, parking_number, new_ad) 
                      VALUES (5896269, '364494', 1, 115, 1, 1, '', 'Rua Maria Helena', 72, 3, 1, 2, 2, True); INSERT INTO public."Management"(partner_id, price, tax_rate, property_tax, created_on, is_available) VALUES ('5896269', 357735, 0, 0, '2021-09-25 01:51:38.174020', True); 
INSERT INTO public."Property"(partner_id, partner_code, type_id, district_id, city_id, goal_id, "number", street, size, bedroom_number, room_number, bath_number, parking_number, new_ad) 
                      VALUES (5896247, '351574', 1, 116, 1, 1, '', 'Rua Alves Martins', 90, 3, 1, 2, 1, True); INSERT INTO public."Management"(partner_id, price, tax_rate, property_tax, created_on, is_available) VALUES ('5896247', 398000, 97, 450, '2021-09-25 01:52:24.693489', True); 
INSERT INTO public."Property"(partner_id, partner_code, type_id, district_id, city_id, goal_id, "number", street, size, bedroom_number, room_number, bath_number, parking_number, new_ad) 
                      VALUES (5896237, '351697', 1, 121, 1, 1, '', 'Rua dos Mamoeiros', 48, 2, 1, 2, 1, True); INSERT INTO public."Management"(partner_id, price, tax_rate, property_tax, created_on, is_available) VALUES ('5896237', 170000, 0, 130, '2021-09-25 01:56:48.033464', True); 
INSERT INTO public."Property"(partner_id, partner_code, type_id, district_id, city_id, goal_id, "number", street, size, bedroom_number, room_number, bath_number, parking_number, new_ad) 
                      VALUES (5896265, '351519', 1, 128, 1, 1, '', 'Rua Jose Joaquim Duarte', 40, 2, 1, 1, 1, True); INSERT INTO public."Management"(partner_id, price, tax_rate, property_tax, created_on, is_available) VALUES ('5896265', 160000, 0, 180, '2021-09-25 02:01:54.341257', True); 
INSERT INTO public."Property"(partner_id, partner_code, type_id, district_id, city_id, goal_id, "number", street, size, bedroom_number, room_number, bath_number, parking_number, new_ad) 
                      VALUES (5896259, '364548', 1, 128, 1, 1, '', 'Rua Coronel Joaquim Tiburcio', 47, 2, 1, 1, 1, True); INSERT INTO public."Management"(partner_id, price, tax_rate, property_tax, created_on, is_available) VALUES ('5896259', 192000, 0, 0, '2021-09-25 02:01:54.558913', True); 
INSERT INTO public."Property"(partner_id, partner_code, type_id, district_id, city_id, goal_id, "number", street, size, bedroom_number, room_number, bath_number, parking_number, new_ad) 
                      VALUES (5896245, '364534', 1, 128, 1, 1, '', 'Rua Nair Pentagna Guimaraes', 70, 3, 1, 1, 1, True); INSERT INTO public."Management"(partner_id, price, tax_rate, property_tax, created_on, is_available) VALUES ('5896245', 260000, 0, 0, '2021-09-25 02:01:54.777939', True); 
INSERT INTO public."Property"(partner_id, partner_code, type_id, district_id, city_id, goal_id, "number", street, size, bedroom_number, room_number, bath_number, parking_number, new_ad) 
                      VALUES (5896295, '348658', 1, 133, 1, 1, '', 'Rua Antenor Prata', 82, 3, 2, 2, 1, True); INSERT INTO public."Management"(partner_id, price, tax_rate, property_tax, created_on, is_available) VALUES ('5896295', 425000, 263, 400, '2021-09-25 02:04:56.157270', True); 
INSERT INTO public."Property"(partner_id, partner_code, type_id, district_id, city_id, goal_id, "number", street, size, bedroom_number, room_number, bath_number, parking_number, new_ad) 
                      VALUES (5896287, '348456', 1, 133, 1, 1, '', 'Rua Antenor Prata', 82, 3, 2, 2, 1, True); INSERT INTO public."Management"(partner_id, price, tax_rate, property_tax, created_on, is_available) VALUES ('5896287', 420000, 263, 400, '2021-09-25 02:04:56.383286', True); 
INSERT INTO public."Property"(partner_id, partner_code, type_id, district_id, city_id, goal_id, "number", street, size, bedroom_number, room_number, bath_number, parking_number, new_ad) 
                      VALUES (5896238, '348373', 1, 133, 1, 1, '', 'Rua Joao Bernardino Santos', 80, 3, 1, 2, 2, True); INSERT INTO public."Management"(partner_id, price, tax_rate, property_tax, created_on, is_available) VALUES ('5896238', 390000, 128, 250, '2021-09-25 02:04:56.611590', True); 
INSERT INTO public."Property"(partner_id, partner_code, type_id, district_id, city_id, goal_id, "number", street, size, bedroom_number, room_number, bath_number, parking_number, new_ad) 
                      VALUES (5896297, '364543', 1, 137, 1, 1, '', 'Rua Iridio', 187, 3, 2, 2, 2, True); INSERT INTO public."Management"(partner_id, price, tax_rate, property_tax, created_on, is_available) VALUES ('5896297', 670000, 0, 0, '2021-09-25 02:08:27.465287', True); 
INSERT INTO public."Property"(partner_id, partner_code, type_id, district_id, city_id, goal_id, "number", street, size, bedroom_number, room_number, bath_number, parking_number, new_ad) 
                      VALUES (5896262, '331730', 1, 137, 1, 1, '', 'Rua Pedro Sigaud', 135, 3, 1, 2, 2, True); INSERT INTO public."Management"(partner_id, price, tax_rate, property_tax, created_on, is_available) VALUES ('5896262', 556000, 0, 0, '2021-09-25 02:08:27.581268', True); 
INSERT INTO public."Property"(partner_id, partner_code, type_id, district_id, city_id, goal_id, "number", street, size, bedroom_number, room_number, bath_number, parking_number, new_ad) 
                      VALUES (5896274, '351725', 1, 158, 1, 1, '', 'Rua Jose Cleto', 64, 3, 1, 2, 1, True); INSERT INTO public."Management"(partner_id, price, tax_rate, property_tax, created_on, is_available) VALUES ('5896274', 350000, 105, 0, '2021-09-25 02:21:44.851935', True); 
INSERT INTO public."Property"(partner_id, partner_code, type_id, district_id, city_id, goal_id, "number", street, size, bedroom_number, room_number, bath_number, parking_number, new_ad) 
                      VALUES (5896236, '351728', 1, 162, 1, 1, '', 'Rua Sao Pedro do Avai', 50, 2, 0, 1, 1, True); INSERT INTO public."Management"(partner_id, price, tax_rate, property_tax, created_on, is_available) VALUES ('5896236', 215000, 0, 120, '2021-09-25 02:25:37.549402', True); 
INSERT INTO public."Property"(partner_id, partner_code, type_id, district_id, city_id, goal_id, "number", street, size, bedroom_number, room_number, bath_number, parking_number, new_ad) 
                      VALUES (5896302, '351721', 1, 164, 1, 1, '', 'Rua Japao', 90, 3, 2, 1, 1, True); INSERT INTO public."Management"(partner_id, price, tax_rate, property_tax, created_on, is_available) VALUES ('5896302', 380000, 80, 300, '2021-09-25 02:26:52.772716', True); 
INSERT INTO public."Property"(partner_id, partner_code, type_id, district_id, city_id, goal_id, "number", street, size, bedroom_number, room_number, bath_number, parking_number, new_ad) 
                      VALUES (5896261, '351643', 1, 177, 1, 1, '', 'Rua Bernardo Guimaraes', 54, 1, 1, 1, 0, True); INSERT INTO public."Management"(partner_id, price, tax_rate, property_tax, created_on, is_available) VALUES ('5896261', 370000, 0, 600, '2021-09-25 02:34:28.261579', True); 
INSERT INTO public."Property"(partner_id, partner_code, type_id, district_id, city_id, goal_id, "number", street, size, bedroom_number, room_number, bath_number, parking_number, new_ad) 
                      VALUES (5896399, 'MT7345', 1, 233, 1, 1, '', 'Livramento', 72, 3, 1, 1, 1, True); INSERT INTO public."Management"(partner_id, price, tax_rate, property_tax, created_on, is_available) VALUES ('5896399', 260000, 0, 320, '2021-09-25 03:05:58.851586', True); 
 



 -------------------------------------------------------- Script shot in 2021-09-25 03:28:06.799981 ------------------------------------------------------------------------------------------ 

 no property sold 



 -------------------------------------------------------- Script shot in 2021-09-25 03:28:07.040198 ------------------------------------------------------------------------------------------ 

 INSERT INTO public."Job"(name, created_on, has_error, error_description) VALUES ('routine', '2021-09-25 03:28:06.807981', False, ''); 



 -------------------------------------------------------- Script shot in 2021-09-25 13:36:53.565047 ------------------------------------------------------------------------------------------ 

 INSERT INTO public."Property"(partner_id, partner_code, type_id, district_id, city_id, goal_id, "number", street, size, bedroom_number, room_number, bath_number, parking_number, new_ad) 
                      VALUES (5896293, '364491', 1, 1, 1, 1, '', 'Rua Sao Roque', 56, 3, 1, 1, 1, True); INSERT INTO public."Management"(partner_id, price, tax_rate, property_tax, created_on, is_available) VALUES ('5896293', 280000, 857, 215, '2021-09-25 08:12:51.073317', True); 
INSERT INTO public."Property"(partner_id, partner_code, type_id, district_id, city_id, goal_id, "number", street, size, bedroom_number, room_number, bath_number, parking_number, new_ad) 
                      VALUES (5896290, '364535', 1, 2, 1, 1, '', 'Rua Consul Walter', 78, 2, 1, 2, 2, True); INSERT INTO public."Management"(partner_id, price, tax_rate, property_tax, created_on, is_available) VALUES ('5896290', 380000, 0, 480, '2021-09-25 08:14:38.550319', True); 
INSERT INTO public."Property"(partner_id, partner_code, type_id, district_id, city_id, goal_id, "number", street, size, bedroom_number, room_number, bath_number, parking_number, new_ad) 
                      VALUES (5896242, '351654', 1, 316, 1, 1, '', 'Rua Perdigao Malheiros', 95, 3, 1, 2, 1, True); INSERT INTO public."Management"(partner_id, price, tax_rate, property_tax, created_on, is_available) VALUES ('5896242', 550000, 0, 0, '2021-09-25 12:11:01.005741', True); 
INSERT INTO public."Property"(partner_id, partner_code, type_id, district_id, city_id, goal_id, "number", street, size, bedroom_number, room_number, bath_number, parking_number, new_ad) 
                      VALUES (5896296, '364498', 1, 331, 1, 1, '', 'Avenida Professor Magalhaes Penido', 151, 3, 1, 3, 3, True); INSERT INTO public."Management"(partner_id, price, tax_rate, property_tax, created_on, is_available) VALUES ('5896296', 385000, 0, 0, '2021-09-25 12:19:22.152952', True); 
INSERT INTO public."Property"(partner_id, partner_code, type_id, district_id, city_id, goal_id, "number", street, size, bedroom_number, room_number, bath_number, parking_number, new_ad) 
                      VALUES (5896239, '347418', 1, 331, 1, 1, '', 'Rua dos Aeroviarios', 80, 3, 1, 2, 2, True); INSERT INTO public."Management"(partner_id, price, tax_rate, property_tax, created_on, is_available) VALUES ('5896239', 480000, 140, 400, '2021-09-25 12:19:22.365076', True); 
 



 -------------------------------------------------------- Script shot in 2021-09-25 13:55:59.007096 ------------------------------------------------------------------------------------------ 

 INSERT INTO public."Management"(partner_id, price, tax_rate, property_tax, created_on, is_available) VALUES ('5706847', 450000, 150, 460, '2021-09-25 13:37:14.540638', False); 
INSERT INTO public."Management"(partner_id, price, tax_rate, property_tax, created_on, is_available) VALUES ('5721859', 650000, 172, 500, '2021-09-25 13:38:10.924460', False); 
INSERT INTO public."Management"(partner_id, price, tax_rate, property_tax, created_on, is_available) VALUES ('5759865', 470000, 0, 0, '2021-09-25 13:42:01.450207', True); 
INSERT INTO public."Management"(partner_id, price, tax_rate, property_tax, created_on, is_available) VALUES ('5828817', 430000, 0, 0, '2021-09-25 13:45:15.049916', True); 
INSERT INTO public."Management"(partner_id, price, tax_rate, property_tax, created_on, is_available) VALUES ('5828760', 230000, 71, 408, '2021-09-25 13:46:03.354107', False); 
INSERT INTO public."Management"(partner_id, price, tax_rate, property_tax, created_on, is_available) VALUES ('5828790', 740000, 0, 400, '2021-09-25 13:46:16.639062', True); 
INSERT INTO public."Management"(partner_id, price, tax_rate, property_tax, created_on, is_available) VALUES ('5840765', 680000, 265, 1207, '2021-09-25 13:46:46.414640', True); 
INSERT INTO public."Management"(partner_id, price, tax_rate, property_tax, created_on, is_available) VALUES ('5851409', 102068, 0, 0, '2021-09-25 13:48:22.249492', False); 
INSERT INTO public."Management"(partner_id, price, tax_rate, property_tax, created_on, is_available) VALUES ('5885481', 650000, 212, 567, '2021-09-25 13:49:38.010277', True); 
INSERT INTO public."Management"(partner_id, price, tax_rate, property_tax, created_on, is_available) VALUES ('5885515', 765000, 375, 1190, '2021-09-25 13:52:32.546169', True); 
INSERT INTO public."Management"(partner_id, price, tax_rate, property_tax, created_on, is_available) VALUES ('5878456', 102068, 0, 0, '2021-09-25 13:52:42.206582', False); 
INSERT INTO public."Management"(partner_id, price, tax_rate, property_tax, created_on, is_available) VALUES ('5878374', 125200, 0, 0, '2021-09-25 13:52:43.188517', False); 
 



 -------------------------------------------------------- Script shot in 2021-09-25 13:55:59.211046 ------------------------------------------------------------------------------------------ 

 INSERT INTO public."Job"(name, created_on, has_error, error_description) VALUES ('routine', '2021-09-25 13:55:59.016098', False, ''); 

