

 -------------------------------------------------------- Script shot in 2021-10-06 01:21:06.043759 ------------------------------------------------------------------------------------------ 

 INSERT INTO public."Property"(partner_id, partner_code, type_id, district_id, city_id, goal_id, "number", street, size, bedroom_number, room_number, bath_number, parking_number, new_ad) 
                      VALUES (5999881, '369488', 1, 1, 1, 1, '', 'Rua Genoveva de Souza', 84, 3, 1, 3, 2, True); INSERT INTO public."Management"(partner_id, price, tax_rate, property_tax, created_on, is_available) VALUES ('5999881', 910000, 0, 0, '2021-10-06 00:02:08.925395', True); 
INSERT INTO public."Property"(partner_id, partner_code, type_id, district_id, city_id, goal_id, "number", street, size, bedroom_number, room_number, bath_number, parking_number, new_ad) 
                      VALUES (5999919, '369657', 1, 2, 1, 1, '', 'Rua Consul Walter', 80, 3, 1, 1, 2, True); INSERT INTO public."Management"(partner_id, price, tax_rate, property_tax, created_on, is_available) VALUES ('5999919', 520000, 142, 288, '2021-10-06 00:03:13.893930', True); 
INSERT INTO public."Property"(partner_id, partner_code, type_id, district_id, city_id, goal_id, "number", street, size, bedroom_number, room_number, bath_number, parking_number, new_ad) 
                      VALUES (5999888, '369154', 1, 2, 1, 1, '', 'Rua Ulisses Marcondes Escobar', 117, 3, 1, 2, 2, True); INSERT INTO public."Management"(partner_id, price, tax_rate, property_tax, created_on, is_available) VALUES ('5999888', 520000, 0, 0, '2021-10-06 00:03:13.993937', True); 
INSERT INTO public."Property"(partner_id, partner_code, type_id, district_id, city_id, goal_id, "number", street, size, bedroom_number, room_number, bath_number, parking_number, new_ad) 
                      VALUES (5999883, '369378', 1, 2, 1, 1, '', 'Avenida Deputado Cristovam Chiaradia', 105, 4, 1, 2, 2, True); INSERT INTO public."Management"(partner_id, price, tax_rate, property_tax, created_on, is_available) VALUES ('5999883', 595000, 190, 625, '2021-10-06 00:03:14.104461', True); 
INSERT INTO public."Property"(partner_id, partner_code, type_id, district_id, city_id, goal_id, "number", street, size, bedroom_number, room_number, bath_number, parking_number, new_ad) 
                      VALUES (6015542, '369942', 1, 3, 1, 1, '', 'Rua Dona Virginia Murta', 55, 2, 0, 1, 1, True); INSERT INTO public."Management"(partner_id, price, tax_rate, property_tax, created_on, is_available) VALUES ('6015542', 225000, 6, 217, '2021-10-06 00:04:08.346527', True); 
INSERT INTO public."Property"(partner_id, partner_code, type_id, district_id, city_id, goal_id, "number", street, size, bedroom_number, room_number, bath_number, parking_number, new_ad) 
                      VALUES (6015522, '370127', 1, 3, 1, 1, '', 'Rua Francisco Bicalho', 58, 3, 1, 1, 1, True); INSERT INTO public."Management"(partner_id, price, tax_rate, property_tax, created_on, is_available) VALUES ('6015522', 260000, 0, 0, '2021-10-06 00:04:08.464743', True); 
INSERT INTO public."Property"(partner_id, partner_code, type_id, district_id, city_id, goal_id, "number", street, size, bedroom_number, room_number, bath_number, parking_number, new_ad) 
                      VALUES (5992544, '4549', 1, 5, 1, 1, '', 'Rua dos Comanches', 47, 2, 1, 1, 1, True); INSERT INTO public."Management"(partner_id, price, tax_rate, property_tax, created_on, is_available) VALUES ('5992544', 165000, 780, 150, '2021-10-06 00:06:07.711443', True); 
INSERT INTO public."Property"(partner_id, partner_code, type_id, district_id, city_id, goal_id, "number", street, size, bedroom_number, room_number, bath_number, parking_number, new_ad) 
                      VALUES (6015526, '369932', 1, 7, 1, 1, '', 'Rua Vitoria', 74, 2, 0, 1, 1, True); INSERT INTO public."Management"(partner_id, price, tax_rate, property_tax, created_on, is_available) VALUES ('6015526', 240000, 66, 255, '2021-10-06 00:07:46.454612', True); 
INSERT INTO public."Property"(partner_id, partner_code, type_id, district_id, city_id, goal_id, "number", street, size, bedroom_number, room_number, bath_number, parking_number, new_ad) 
                      VALUES (6001129, '3221', 1, 11, 1, 1, '', 'Rua Mogi das Cruzes', 58, 2, 1, 1, 1, True); INSERT INTO public."Management"(partner_id, price, tax_rate, property_tax, created_on, is_available) VALUES ('6001129', 199000, 0, 0, '2021-10-06 00:11:16.364584', True); 
INSERT INTO public."Property"(partner_id, partner_code, type_id, district_id, city_id, goal_id, "number", street, size, bedroom_number, room_number, bath_number, parking_number, new_ad) 
                      VALUES (6001127, '3222', 1, 11, 1, 1, '', 'Rua Mogi das Cruzes', 58, 2, 1, 1, 1, True); INSERT INTO public."Management"(partner_id, price, tax_rate, property_tax, created_on, is_available) VALUES ('6001127', 230000, 0, 0, '2021-10-06 00:11:16.475720', True); 
INSERT INTO public."Property"(partner_id, partner_code, type_id, district_id, city_id, goal_id, "number", street, size, bedroom_number, room_number, bath_number, parking_number, new_ad) 
                      VALUES (6001125, '3223', 1, 11, 1, 1, '', 'Rua Mogi das Cruzes', 58, 2, 1, 1, 1, True); INSERT INTO public."Management"(partner_id, price, tax_rate, property_tax, created_on, is_available) VALUES ('6001125', 270000, 0, 0, '2021-10-06 00:11:16.587042', True); 
INSERT INTO public."Property"(partner_id, partner_code, type_id, district_id, city_id, goal_id, "number", street, size, bedroom_number, room_number, bath_number, parking_number, new_ad) 
                      VALUES (6000944, 'S893442655', 1, 11, 1, 1, '', 'Rua Itapetinga', 50, 2, 0, 1, 1, True); INSERT INTO public."Management"(partner_id, price, tax_rate, property_tax, created_on, is_available) VALUES ('6000944', 150000, 20, 230, '2021-10-06 00:11:16.693816', True); 
INSERT INTO public."Property"(partner_id, partner_code, type_id, district_id, city_id, goal_id, "number", street, size, bedroom_number, room_number, bath_number, parking_number, new_ad) 
                      VALUES (6002988, 'AP0010_APIMOB', 1, 12, 1, 1, '', 'Rua Edmar Colini Ferreira', 100, 2, 0, 1, 1, True); INSERT INTO public."Management"(partner_id, price, tax_rate, property_tax, created_on, is_available) VALUES ('6002988', 186000, 0, 0, '2021-10-06 00:12:08.023132', True); 
INSERT INTO public."Property"(partner_id, partner_code, type_id, district_id, city_id, goal_id, "number", street, size, bedroom_number, room_number, bath_number, parking_number, new_ad) 
                      VALUES (6015554, '364798', 1, 13, 1, 1, '', 'Rua Miguel Abras', 90, 4, 1, 3, 2, True); INSERT INTO public."Management"(partner_id, price, tax_rate, property_tax, created_on, is_available) VALUES ('6015554', 920000, 0, 550, '2021-10-06 00:13:30.503846', True); 
INSERT INTO public."Property"(partner_id, partner_code, type_id, district_id, city_id, goal_id, "number", street, size, bedroom_number, room_number, bath_number, parking_number, new_ad) 
                      VALUES (6015518, '370141', 1, 13, 1, 1, '', 'Rua Aluminio', 155, 4, 1, 3, 2, True); INSERT INTO public."Management"(partner_id, price, tax_rate, property_tax, created_on, is_available) VALUES ('6015518', 1000000, 0, 0, '2021-10-06 00:13:30.624457', True); 
INSERT INTO public."Property"(partner_id, partner_code, type_id, district_id, city_id, goal_id, "number", street, size, bedroom_number, room_number, bath_number, parking_number, new_ad) 
                      VALUES (6015613, '369946', 1, 14, 1, 1, '', 'Avenida Nossa Senhora do Carmo', 65, 2, 0, 1, 1, True); INSERT INTO public."Management"(partner_id, price, tax_rate, property_tax, created_on, is_available) VALUES ('6015613', 320000, 106, 750, '2021-10-06 00:14:39.259513', True); 
INSERT INTO public."Property"(partner_id, partner_code, type_id, district_id, city_id, goal_id, "number", street, size, bedroom_number, room_number, bath_number, parking_number, new_ad) 
                      VALUES (6015594, '370193', 1, 14, 1, 1, '', 'Rua Doutor Astolpho Vieira de Rezende', 170, 4, 1, 4, 3, True); INSERT INTO public."Management"(partner_id, price, tax_rate, property_tax, created_on, is_available) VALUES ('6015594', 1730000, 0, 0, '2021-10-06 00:14:39.365517', True); 
INSERT INTO public."Property"(partner_id, partner_code, type_id, district_id, city_id, goal_id, "number", street, size, bedroom_number, room_number, bath_number, parking_number, new_ad) 
                      VALUES (6015614, '369951', 1, 15, 1, 1, '', 'Rua Antonio Aleixo', 155, 3, 0, 2, 2, True); INSERT INTO public."Management"(partner_id, price, tax_rate, property_tax, created_on, is_available) VALUES ('6015614', 1440000, 542, 1911, '2021-10-06 00:15:50.115930', True); 
INSERT INTO public."Property"(partner_id, partner_code, type_id, district_id, city_id, goal_id, "number", street, size, bedroom_number, room_number, bath_number, parking_number, new_ad) 
                      VALUES (6015566, '370132', 1, 15, 1, 1, '', 'Rua Espirito Santo', 316, 4, 2, 4, 3, True); INSERT INTO public."Management"(partner_id, price, tax_rate, property_tax, created_on, is_available) VALUES ('6015566', 3500000, 0, 1600, '2021-10-06 00:15:50.230925', True); 
INSERT INTO public."Property"(partner_id, partner_code, type_id, district_id, city_id, goal_id, "number", street, size, bedroom_number, room_number, bath_number, parking_number, new_ad) 
                      VALUES (6015621, '369561', 1, 16, 1, 1, '', 'Avenida da Sinfonia', 44, 2, 1, 1, 1, True); INSERT INTO public."Management"(partner_id, price, tax_rate, property_tax, created_on, is_available) VALUES ('6015621', 235000, 104, 235, '2021-10-06 00:17:23.821252', True); 
INSERT INTO public."Property"(partner_id, partner_code, type_id, district_id, city_id, goal_id, "number", street, size, bedroom_number, room_number, bath_number, parking_number, new_ad) 
                      VALUES (6015602, '369960', 1, 16, 1, 1, '', 'Rua Homero de Oliveira', 85, 3, 0, 1, 1, True); INSERT INTO public."Management"(partner_id, price, tax_rate, property_tax, created_on, is_available) VALUES ('6015602', 254400, 0, 200, '2021-10-06 00:17:23.921866', True); 
INSERT INTO public."Property"(partner_id, partner_code, type_id, district_id, city_id, goal_id, "number", street, size, bedroom_number, room_number, bath_number, parking_number, new_ad) 
                      VALUES (6015552, '369941', 1, 16, 1, 1, '', 'Rua Comendador Teixeira da Costa', 50, 2, 0, 1, 1, True); INSERT INTO public."Management"(partner_id, price, tax_rate, property_tax, created_on, is_available) VALUES ('6015552', 235000, 33, 180, '2021-10-06 00:17:24.034398', True); 
INSERT INTO public."Property"(partner_id, partner_code, type_id, district_id, city_id, goal_id, "number", street, size, bedroom_number, room_number, bath_number, parking_number, new_ad) 
                      VALUES (6015531, '369933', 1, 16, 1, 1, '', 'Avenida da Sinfonia', 50, 2, 0, 1, 2, True); INSERT INTO public."Management"(partner_id, price, tax_rate, property_tax, created_on, is_available) VALUES ('6015531', 330000, 100, 235, '2021-10-06 00:17:24.141249', True); 
INSERT INTO public."Property"(partner_id, partner_code, type_id, district_id, city_id, goal_id, "number", street, size, bedroom_number, room_number, bath_number, parking_number, new_ad) 
                      VALUES (4675495, '332239', 1, 21, 1, 1, '', 'Rua Afonso Xiii', 98, 3, 0, 2, 2, True); INSERT INTO public."Management"(partner_id, price, tax_rate, property_tax, created_on, is_available) VALUES ('4675495', 540000, 203, 870, '2021-10-06 00:20:27.655598', True); 
INSERT INTO public."Property"(partner_id, partner_code, type_id, district_id, city_id, goal_id, "number", street, size, bedroom_number, room_number, bath_number, parking_number, new_ad) 
                      VALUES (6015535, '369963', 1, 21, 1, 1, '', 'Rua Americo Macedo', 220, 4, 0, 2, 2, True); INSERT INTO public."Management"(partner_id, price, tax_rate, property_tax, created_on, is_available) VALUES ('6015535', 1280000, 284, 1600, '2021-10-06 00:21:08.237219', True); 
INSERT INTO public."Property"(partner_id, partner_code, type_id, district_id, city_id, goal_id, "number", street, size, bedroom_number, room_number, bath_number, parking_number, new_ad) 
                      VALUES (6015583, '370122', 1, 23, 1, 1, '', 'Avenida dos Engenheiros', 48, 2, 1, 1, 1, True); INSERT INTO public."Management"(partner_id, price, tax_rate, property_tax, created_on, is_available) VALUES ('6015583', 230000, 0, 0, '2021-10-06 00:23:05.460976', True); 
INSERT INTO public."Property"(partner_id, partner_code, type_id, district_id, city_id, goal_id, "number", street, size, bedroom_number, room_number, bath_number, parking_number, new_ad) 
                      VALUES (6015556, '370107', 1, 23, 1, 1, '', 'Rua Mario Mendes Campos', 63, 3, 1, 2, 1, True); INSERT INTO public."Management"(partner_id, price, tax_rate, property_tax, created_on, is_available) VALUES ('6015556', 260000, 0, 0, '2021-10-06 00:23:05.567975', True); 
INSERT INTO public."Property"(partner_id, partner_code, type_id, district_id, city_id, goal_id, "number", street, size, bedroom_number, room_number, bath_number, parking_number, new_ad) 
                      VALUES (6015541, '369701', 1, 23, 1, 1, '', 'Rua Desembargador Jose Satyro', 65, 2, 1, 2, 2, True); INSERT INTO public."Management"(partner_id, price, tax_rate, property_tax, created_on, is_available) VALUES ('6015541', 400000, 0, 0, '2021-10-06 00:23:05.675114', True); 
INSERT INTO public."Property"(partner_id, partner_code, type_id, district_id, city_id, goal_id, "number", street, size, bedroom_number, room_number, bath_number, parking_number, new_ad) 
                      VALUES (5866239, 'AP0101_DE', 1, 24, 1, 1, '', 'Rua Wilsom Soares Fernandes', 45, 2, 0, 1, 1, True); INSERT INTO public."Management"(partner_id, price, tax_rate, property_tax, created_on, is_available) VALUES ('5866239', 220000, 0, 0, '2021-10-06 00:24:41.427643', True); 
INSERT INTO public."Property"(partner_id, partner_code, type_id, district_id, city_id, goal_id, "number", street, size, bedroom_number, room_number, bath_number, parking_number, new_ad) 
                      VALUES (6002942, 'AP0011_APIMOB', 1, 25, 1, 1, '', 'Rua Jose da Costa', 100, 2, 0, 1, 1, True); INSERT INTO public."Management"(partner_id, price, tax_rate, property_tax, created_on, is_available) VALUES ('6002942', 190000, 0, 0, '2021-10-06 00:26:17.806075', True); 
INSERT INTO public."Property"(partner_id, partner_code, type_id, district_id, city_id, goal_id, "number", street, size, bedroom_number, room_number, bath_number, parking_number, new_ad) 
                      VALUES (6015623, '369940', 1, 26, 1, 1, '', 'Rua dos Guaranis', 30, 1, 0, 1, 0, True); INSERT INTO public."Management"(partner_id, price, tax_rate, property_tax, created_on, is_available) VALUES ('6015623', 180000, 42, 390, '2021-10-06 00:27:25.296682', True); 
INSERT INTO public."Property"(partner_id, partner_code, type_id, district_id, city_id, goal_id, "number", street, size, bedroom_number, room_number, bath_number, parking_number, new_ad) 
                      VALUES (6015539, '364657', 1, 31, 1, 1, '', 'Rua Buenopolis', 66, 3, 1, 1, 0, True); INSERT INTO public."Management"(partner_id, price, tax_rate, property_tax, created_on, is_available) VALUES ('6015539', 385000, 0, 200, '2021-10-06 00:30:57.688801', True); 
INSERT INTO public."Property"(partner_id, partner_code, type_id, district_id, city_id, goal_id, "number", street, size, bedroom_number, room_number, bath_number, parking_number, new_ad) 
                      VALUES (6015622, '369962', 1, 33, 1, 1, '', 'Rua Carvalhais de Paiva', 95, 3, 0, 2, 1, True); INSERT INTO public."Management"(partner_id, price, tax_rate, property_tax, created_on, is_available) VALUES ('6015622', 400000, 157, 480, '2021-10-06 00:32:20.873077', True); 
INSERT INTO public."Property"(partner_id, partner_code, type_id, district_id, city_id, goal_id, "number", street, size, bedroom_number, room_number, bath_number, parking_number, new_ad) 
                      VALUES (6015558, '369975', 1, 36, 1, 1, '', 'Avenida Costa do Marfim', 95, 3, 0, 2, 1, True); INSERT INTO public."Management"(partner_id, price, tax_rate, property_tax, created_on, is_available) VALUES ('6015558', 338000, 71, 340, '2021-10-06 00:34:13.015602', True); 
INSERT INTO public."Property"(partner_id, partner_code, type_id, district_id, city_id, goal_id, "number", street, size, bedroom_number, room_number, bath_number, parking_number, new_ad) 
                      VALUES (6015563, '369948', 1, 37, 1, 1, '', 'Rua Acucenas', 117, 3, 0, 2, 1, True); INSERT INTO public."Management"(partner_id, price, tax_rate, property_tax, created_on, is_available) VALUES ('6015563', 500000, 0, 390, '2021-10-06 00:35:05.414011', True); 
INSERT INTO public."Property"(partner_id, partner_code, type_id, district_id, city_id, goal_id, "number", street, size, bedroom_number, room_number, bath_number, parking_number, new_ad) 
                      VALUES (6015600, '369967', 1, 40, 1, 1, '', 'Rua Lapinha', 70, 3, 0, 2, 2, True); INSERT INTO public."Management"(partner_id, price, tax_rate, property_tax, created_on, is_available) VALUES ('6015600', 240000, 8, 185, '2021-10-06 00:37:03.462731', True); 
INSERT INTO public."Property"(partner_id, partner_code, type_id, district_id, city_id, goal_id, "number", street, size, bedroom_number, room_number, bath_number, parking_number, new_ad) 
                      VALUES (6015682, 'RG540', 1, 41, 1, 1, '', 'Rua Nascimento', 94, 3, 1, 2, 1, True); INSERT INTO public."Management"(partner_id, price, tax_rate, property_tax, created_on, is_available) VALUES ('6015682', 360000, 1051, 275, '2021-10-06 00:37:36.122368', True); 
INSERT INTO public."Property"(partner_id, partner_code, type_id, district_id, city_id, goal_id, "number", street, size, bedroom_number, room_number, bath_number, parking_number, new_ad) 
                      VALUES (6015586, '369973', 1, 45, 1, 1, '', 'Rua Monte Negro', 90, 3, 0, 2, 1, True); INSERT INTO public."Management"(partner_id, price, tax_rate, property_tax, created_on, is_available) VALUES ('6015586', 580000, 0, 165, '2021-10-06 00:40:21.924477', True); 
INSERT INTO public."Property"(partner_id, partner_code, type_id, district_id, city_id, goal_id, "number", street, size, bedroom_number, room_number, bath_number, parking_number, new_ad) 
                      VALUES (6015512, '369952', 1, 45, 1, 1, '', 'Rua Esmeralda', 110, 3, 0, 1, 2, True); INSERT INTO public."Management"(partner_id, price, tax_rate, property_tax, created_on, is_available) VALUES ('6015512', 350000, 92, 300, '2021-10-06 00:40:22.037478', True); 
INSERT INTO public."Property"(partner_id, partner_code, type_id, district_id, city_id, goal_id, "number", street, size, bedroom_number, room_number, bath_number, parking_number, new_ad) 
                      VALUES (6015576, '370159', 1, 50, 1, 1, '', 'Rua Belmiro Braga', 98, 3, 1, 3, 2, True); INSERT INTO public."Management"(partner_id, price, tax_rate, property_tax, created_on, is_available) VALUES ('6015576', 660000, 202, 0, '2021-10-06 00:43:37.382373', True); 
INSERT INTO public."Property"(partner_id, partner_code, type_id, district_id, city_id, goal_id, "number", street, size, bedroom_number, room_number, bath_number, parking_number, new_ad) 
                      VALUES (6002886, 'AP0004_APIMOB', 1, 52, 1, 1, '', 'Rua Newton da Costa Silveira', 100, 3, 0, 2, 1, True); INSERT INTO public."Management"(partner_id, price, tax_rate, property_tax, created_on, is_available) VALUES ('6002886', 299000, 65, 200, '2021-10-06 00:45:14.202768', True); 
INSERT INTO public."Property"(partner_id, partner_code, type_id, district_id, city_id, goal_id, "number", street, size, bedroom_number, room_number, bath_number, parking_number, new_ad) 
                      VALUES (4308663, '321111', 1, 54, 1, 1, '', 'Rua Princesa Isabel', 100, 3, 0, 2, 1, True); INSERT INTO public."Management"(partner_id, price, tax_rate, property_tax, created_on, is_available) VALUES ('4308663', 395000, 122, 300, '2021-10-06 00:46:39.460092', True); 
INSERT INTO public."Property"(partner_id, partner_code, type_id, district_id, city_id, goal_id, "number", street, size, bedroom_number, room_number, bath_number, parking_number, new_ad) 
                      VALUES (6015595, '369982', 1, 54, 1, 1, '', 'Rua Wilson Modesto Ribeiro', 60, 2, 0, 1, 1, True); INSERT INTO public."Management"(partner_id, price, tax_rate, property_tax, created_on, is_available) VALUES ('6015595', 270000, 13, 500, '2021-10-06 00:46:50.855977', True); 
INSERT INTO public."Property"(partner_id, partner_code, type_id, district_id, city_id, goal_id, "number", street, size, bedroom_number, room_number, bath_number, parking_number, new_ad) 
                      VALUES (6015520, '369953', 1, 54, 1, 1, '', 'Rua Dezoito de Julho', 80, 3, 0, 2, 5, True); INSERT INTO public."Management"(partner_id, price, tax_rate, property_tax, created_on, is_available) VALUES ('6015520', 370000, 292, 0, '2021-10-06 00:46:50.964461', True); 
INSERT INTO public."Property"(partner_id, partner_code, type_id, district_id, city_id, goal_id, "number", street, size, bedroom_number, room_number, bath_number, parking_number, new_ad) 
                      VALUES (6015694, 'RG518', 1, 57, 1, 1, '', 'Rua Attilio de Moro', 86, 3, 1, 2, 2, True); INSERT INTO public."Management"(partner_id, price, tax_rate, property_tax, created_on, is_available) VALUES ('6015694', 390000, 0, 0, '2021-10-06 00:49:06.489339', True); 
INSERT INTO public."Property"(partner_id, partner_code, type_id, district_id, city_id, goal_id, "number", street, size, bedroom_number, room_number, bath_number, parking_number, new_ad) 
                      VALUES (6014160, 'PL0598', 1, 57, 1, 1, '', 'Avenida Joao Rolla Filho', 65, 2, 1, 1, 1, True); INSERT INTO public."Management"(partner_id, price, tax_rate, property_tax, created_on, is_available) VALUES ('6014160', 282000, 0, 0, '2021-10-06 00:49:06.602119', True); 
INSERT INTO public."Property"(partner_id, partner_code, type_id, district_id, city_id, goal_id, "number", street, size, bedroom_number, room_number, bath_number, parking_number, new_ad) 
                      VALUES (6015589, '370233', 1, 59, 1, 1, '', 'Rua Sergipe', 115, 1, 1, 2, 2, True); INSERT INTO public."Management"(partner_id, price, tax_rate, property_tax, created_on, is_available) VALUES ('6015589', 1495000, 0, 0, '2021-10-06 00:50:53.220767', True); 
INSERT INTO public."Property"(partner_id, partner_code, type_id, district_id, city_id, goal_id, "number", street, size, bedroom_number, room_number, bath_number, parking_number, new_ad) 
                      VALUES (6015582, '369943', 1, 59, 1, 1, '', 'Rua Santa Rita Durao', 52, 1, 0, 1, 1, True); INSERT INTO public."Management"(partner_id, price, tax_rate, property_tax, created_on, is_available) VALUES ('6015582', 430000, 45, 550, '2021-10-06 00:50:53.318549', True); 
INSERT INTO public."Property"(partner_id, partner_code, type_id, district_id, city_id, goal_id, "number", street, size, bedroom_number, room_number, bath_number, parking_number, new_ad) 
                      VALUES (6015511, '369977', 1, 59, 1, 1, '', 'Rua Professor Moraes', 120, 3, 0, 2, 1, True); INSERT INTO public."Management"(partner_id, price, tax_rate, property_tax, created_on, is_available) VALUES ('6015511', 800000, 250, 931, '2021-10-06 00:50:53.427260', True); 
INSERT INTO public."Property"(partner_id, partner_code, type_id, district_id, city_id, goal_id, "number", street, size, bedroom_number, room_number, bath_number, parking_number, new_ad) 
                      VALUES (6002956, 'AP3165_DE', 1, 60, 1, 1, '', 'Rua Alga Azul', 89, 2, 1, 2, 1, True); INSERT INTO public."Management"(partner_id, price, tax_rate, property_tax, created_on, is_available) VALUES ('6002956', 265000, 103, 720, '2021-10-06 00:51:34.563338', True); 
INSERT INTO public."Property"(partner_id, partner_code, type_id, district_id, city_id, goal_id, "number", street, size, bedroom_number, room_number, bath_number, parking_number, new_ad) 
                      VALUES (6015698, 'RG537', 1, 62, 1, 1, '', 'Rua Maria Perez Ballesteros', 70, 3, 1, 2, 2, True); INSERT INTO public."Management"(partner_id, price, tax_rate, property_tax, created_on, is_available) VALUES ('6015698', 380000, 0, 0, '2021-10-06 00:52:38.299244', True); 
INSERT INTO public."Property"(partner_id, partner_code, type_id, district_id, city_id, goal_id, "number", street, size, bedroom_number, room_number, bath_number, parking_number, new_ad) 
                      VALUES (6014111, '01065', 1, 62, 1, 1, '', 'RUA JOAQUIM LOPES', 57, 2, 1, 1, 1, True); INSERT INTO public."Management"(partner_id, price, tax_rate, property_tax, created_on, is_available) VALUES ('6014111', 185000, 0, 0, '2021-10-06 00:52:38.409710', True); 
INSERT INTO public."Property"(partner_id, partner_code, type_id, district_id, city_id, goal_id, "number", street, size, bedroom_number, room_number, bath_number, parking_number, new_ad) 
                      VALUES (6015618, '369944', 1, 63, 1, 1, '', 'Rua Professor Tavares Paes', 50, 2, 0, 1, 1, True); INSERT INTO public."Management"(partner_id, price, tax_rate, property_tax, created_on, is_available) VALUES ('6015618', 220000, 73, 190, '2021-10-06 00:53:27.269255', True); 
INSERT INTO public."Property"(partner_id, partner_code, type_id, district_id, city_id, goal_id, "number", street, size, bedroom_number, room_number, bath_number, parking_number, new_ad) 
                      VALUES (6015612, '369978', 1, 65, 1, 1, '', 'Rua Itapeva', 100, 2, 0, 2, 2, True); INSERT INTO public."Management"(partner_id, price, tax_rate, property_tax, created_on, is_available) VALUES ('6015612', 530000, 100, 250, '2021-10-06 00:54:38.742549', True); 
INSERT INTO public."Property"(partner_id, partner_code, type_id, district_id, city_id, goal_id, "number", street, size, bedroom_number, room_number, bath_number, parking_number, new_ad) 
                      VALUES (6014153, '04621', 1, 70, 1, 1, '', 'Rua Carmelita India do Brasil', 84, 3, 1, 2, 2, True); INSERT INTO public."Management"(partner_id, price, tax_rate, property_tax, created_on, is_available) VALUES ('6014153', 450000, 0, 0, '2021-10-06 00:57:45.270757', True); 
INSERT INTO public."Property"(partner_id, partner_code, type_id, district_id, city_id, goal_id, "number", street, size, bedroom_number, room_number, bath_number, parking_number, new_ad) 
                      VALUES (6015571, '370154', 1, 74, 1, 1, '', 'Rua Ouro Preto', 128, 3, 1, 4, 2, True); INSERT INTO public."Management"(partner_id, price, tax_rate, property_tax, created_on, is_available) VALUES ('6015571', 1735073, 0, 0, '2021-10-06 01:01:07.887333', True); 
INSERT INTO public."Property"(partner_id, partner_code, type_id, district_id, city_id, goal_id, "number", street, size, bedroom_number, room_number, bath_number, parking_number, new_ad) 
                      VALUES (6015568, '367857', 1, 74, 1, 1, '', 'Rua Bernardo Guimaraes', 287, 4, 2, 5, 4, True); INSERT INTO public."Management"(partner_id, price, tax_rate, property_tax, created_on, is_available) VALUES ('6015568', 4450000, 1568, 0, '2021-10-06 01:01:07.985331', True); 
INSERT INTO public."Property"(partner_id, partner_code, type_id, district_id, city_id, goal_id, "number", street, size, bedroom_number, room_number, bath_number, parking_number, new_ad) 
                      VALUES (6015567, '370140', 1, 74, 1, 1, '', 'Rua Ouro Preto', 107, 3, 1, 3, 2, True); INSERT INTO public."Management"(partner_id, price, tax_rate, property_tax, created_on, is_available) VALUES ('6015567', 1350143, 0, 0, '2021-10-06 01:01:08.193876', True); 
INSERT INTO public."Property"(partner_id, partner_code, type_id, district_id, city_id, goal_id, "number", street, size, bedroom_number, room_number, bath_number, parking_number, new_ad) 
                      VALUES (6015564, '369937', 1, 74, 1, 1, '', 'Avenida Olegario Maciel', 30, 1, 0, 1, 1, True); INSERT INTO public."Management"(partner_id, price, tax_rate, property_tax, created_on, is_available) VALUES ('6015564', 300000, 106, 1000, '2021-10-06 01:01:08.330524', True); 
INSERT INTO public."Property"(partner_id, partner_code, type_id, district_id, city_id, goal_id, "number", street, size, bedroom_number, room_number, bath_number, parking_number, new_ad) 
                      VALUES (6015533, '370118', 1, 74, 1, 1, '', 'Rua Ouro Preto', 195, 3, 1, 3, 2, True); INSERT INTO public."Management"(partner_id, price, tax_rate, property_tax, created_on, is_available) VALUES ('6015533', 1914297, 0, 0, '2021-10-06 01:01:08.420522', True); 
INSERT INTO public."Property"(partner_id, partner_code, type_id, district_id, city_id, goal_id, "number", street, size, bedroom_number, room_number, bath_number, parking_number, new_ad) 
                      VALUES (6015696, 'EC17902', 1, 78, 1, 1, '', 'Rua Teixeira Leite', 55, 2, 1, 1, 1, True); INSERT INTO public."Management"(partner_id, price, tax_rate, property_tax, created_on, is_available) VALUES ('6015696', 180000, 907, 406, '2021-10-06 01:03:52.836601', True); 
INSERT INTO public."Property"(partner_id, partner_code, type_id, district_id, city_id, goal_id, "number", street, size, bedroom_number, room_number, bath_number, parking_number, new_ad) 
                      VALUES (6015573, '370224', 1, 78, 1, 1, '', 'Rua Teixeira Leite', 68, 2, 1, 1, 1, True); INSERT INTO public."Management"(partner_id, price, tax_rate, property_tax, created_on, is_available) VALUES ('6015573', 270000, 83, 418, '2021-10-06 01:03:52.943489', True); 
INSERT INTO public."Property"(partner_id, partner_code, type_id, district_id, city_id, goal_id, "number", street, size, bedroom_number, room_number, bath_number, parking_number, new_ad) 
                      VALUES (6003062, 'AP0009_APIMOB', 1, 83, 1, 1, '', 'Rua Carmo do Paranaiba', 100, 3, 0, 2, 2, True); INSERT INTO public."Management"(partner_id, price, tax_rate, property_tax, created_on, is_available) VALUES ('6003062', 449000, 0, 0, '2021-10-06 01:07:39.647755', True); 
INSERT INTO public."Property"(partner_id, partner_code, type_id, district_id, city_id, goal_id, "number", street, size, bedroom_number, room_number, bath_number, parking_number, new_ad) 
                      VALUES (6015775, '2724', 1, 83, 1, 1, '', 'Doutor Mario Magalhaes', 91, 3, 1, 3, 3, True); INSERT INTO public."Management"(partner_id, price, tax_rate, property_tax, created_on, is_available) VALUES ('6015775', 550000, 0, 450, '2021-10-06 01:07:43.698280', True); 
INSERT INTO public."Property"(partner_id, partner_code, type_id, district_id, city_id, goal_id, "number", street, size, bedroom_number, room_number, bath_number, parking_number, new_ad) 
                      VALUES (6002862, 'AP0007_APIMOB', 1, 84, 1, 1, '', 'Rua Marrocos', 100, 2, 0, 1, 1, True); INSERT INTO public."Management"(partner_id, price, tax_rate, property_tax, created_on, is_available) VALUES ('6002862', 229000, 0, 0, '2021-10-06 01:08:25.863094', True); 
INSERT INTO public."Property"(partner_id, partner_code, type_id, district_id, city_id, goal_id, "number", street, size, bedroom_number, room_number, bath_number, parking_number, new_ad) 
                      VALUES (6015581, '351684', 1, 92, 1, 1, '', 'Avenida Getulio Vargas', 47, 1, 1, 1, 2, True); INSERT INTO public."Management"(partner_id, price, tax_rate, property_tax, created_on, is_available) VALUES ('6015581', 599700, 0, 0, '2021-10-06 01:13:25.321849', True); 
INSERT INTO public."Property"(partner_id, partner_code, type_id, district_id, city_id, goal_id, "number", street, size, bedroom_number, room_number, bath_number, parking_number, new_ad) 
                      VALUES (6015557, '369968', 1, 92, 1, 1, '', 'Rua Goncalves Dias', 120, 3, 0, 2, 1, True); INSERT INTO public."Management"(partner_id, price, tax_rate, property_tax, created_on, is_available) VALUES ('6015557', 700000, 195, 602, '2021-10-06 01:13:25.535195', True); 
INSERT INTO public."Property"(partner_id, partner_code, type_id, district_id, city_id, goal_id, "number", street, size, bedroom_number, room_number, bath_number, parking_number, new_ad) 
                      VALUES (6015513, '370096', 1, 92, 1, 1, '', 'Rua Claudio Manoel', 90, 3, 1, 2, 2, True); INSERT INTO public."Management"(partner_id, price, tax_rate, property_tax, created_on, is_available) VALUES ('6015513', 730000, 426, 0, '2021-10-06 01:13:25.656807', True); 
INSERT INTO public."Property"(partner_id, partner_code, type_id, district_id, city_id, goal_id, "number", street, size, bedroom_number, room_number, bath_number, parking_number, new_ad) 
                      VALUES (6015569, '370237', 1, 93, 1, 1, '', 'Rua Rodrigo Otavio Coutinho', 183, 4, 1, 4, 4, True); INSERT INTO public."Management"(partner_id, price, tax_rate, property_tax, created_on, is_available) VALUES ('6015569', 2280000, 0, 2000, '2021-10-06 01:14:07.581902', True); 
INSERT INTO public."Property"(partner_id, partner_code, type_id, district_id, city_id, goal_id, "number", street, size, bedroom_number, room_number, bath_number, parking_number, new_ad) 
                      VALUES (6015560, '369966', 1, 98, 1, 1, '', 'Rua Leopoldo Campos Nunes', 58, 2, 0, 1, 1, True); INSERT INTO public."Management"(partner_id, price, tax_rate, property_tax, created_on, is_available) VALUES ('6015560', 290000, 96, 210, '2021-10-06 01:16:59.092550', True); 
 



 -------------------------------------------------------- Script shot in 2021-10-06 01:22:01.641716 ------------------------------------------------------------------------------------------ 

 no property sold 



 -------------------------------------------------------- Script shot in 2021-10-06 01:22:01.768085 ------------------------------------------------------------------------------------------ 

 INSERT INTO public."Job"(name, created_on, has_error, error_description) VALUES ('routine', '2021-10-06 01:22:01.649715', False, ''); 



 -------------------------------------------------------- Script shot in 2021-10-06 14:59:51.315749 ------------------------------------------------------------------------------------------ 

 INSERT INTO public."Property"(partner_id, partner_code, type_id, district_id, city_id, goal_id, "number", street, size, bedroom_number, room_number, bath_number, parking_number, new_ad) 
                      VALUES (6015572, '369954', 1, 1, 1, 1, '', 'Rua Santa Clara', 117, 3, 0, 2, 2, True); INSERT INTO public."Management"(partner_id, price, tax_rate, property_tax, created_on, is_available) VALUES ('6015572', 740000, 90, 340, '2021-10-06 09:37:14.257380', True); 
INSERT INTO public."Property"(partner_id, partner_code, type_id, district_id, city_id, goal_id, "number", street, size, bedroom_number, room_number, bath_number, parking_number, new_ad) 
                      VALUES (6015524, '370183', 1, 1, 1, 1, '', 'Rua Maria Martins Guimaraes', 47, 2, 1, 1, 1, True); INSERT INTO public."Management"(partner_id, price, tax_rate, property_tax, created_on, is_available) VALUES ('6015524', 275000, 0, 0, '2021-10-06 09:37:14.375378', True); 
INSERT INTO public."Property"(partner_id, partner_code, type_id, district_id, city_id, goal_id, "number", street, size, bedroom_number, room_number, bath_number, parking_number, new_ad) 
                      VALUES (6015528, '369699', 1, 2, 1, 1, '', 'Rua Eli Seabra Filho', 66, 2, 1, 2, 1, True); INSERT INTO public."Management"(partner_id, price, tax_rate, property_tax, created_on, is_available) VALUES ('6015528', 470000, 127, 400, '2021-10-06 09:38:26.312274', True); 
INSERT INTO public."Property"(partner_id, partner_code, type_id, district_id, city_id, goal_id, "number", street, size, bedroom_number, room_number, bath_number, parking_number, new_ad) 
                      VALUES (6015588, '369972', 1, 3, 1, 1, '', 'Rua Cumbi', 80, 3, 0, 1, 1, True); INSERT INTO public."Management"(partner_id, price, tax_rate, property_tax, created_on, is_available) VALUES ('6015588', 370000, 98, 280, '2021-10-06 09:39:21.576047', True); 
INSERT INTO public."Property"(partner_id, partner_code, type_id, district_id, city_id, goal_id, "number", street, size, bedroom_number, room_number, bath_number, parking_number, new_ad) 
                      VALUES (6015624, '368642', 1, 7, 1, 1, '', 'Avenida Artur Guimaraes', 45, 2, 1, 1, 1, True); INSERT INTO public."Management"(partner_id, price, tax_rate, property_tax, created_on, is_available) VALUES ('6015624', 225000, 67, 0, '2021-10-06 09:43:07.077969', True); 
INSERT INTO public."Property"(partner_id, partner_code, type_id, district_id, city_id, goal_id, "number", street, size, bedroom_number, room_number, bath_number, parking_number, new_ad) 
                      VALUES (6019525, 'AP00738', 1, 11, 1, 1, '', 'RUA ALTINOPOLIS', 45, 2, 1, 1, 1, True); INSERT INTO public."Management"(partner_id, price, tax_rate, property_tax, created_on, is_available) VALUES ('6019525', 189000, 0, 100, '2021-10-06 09:46:40.287708', True); 
INSERT INTO public."Property"(partner_id, partner_code, type_id, district_id, city_id, goal_id, "number", street, size, bedroom_number, room_number, bath_number, parking_number, new_ad) 
                      VALUES (6019524, 'AP00737', 1, 11, 1, 1, '', 'RUA ALTINOPOLIS', 45, 2, 1, 1, 1, True); INSERT INTO public."Management"(partner_id, price, tax_rate, property_tax, created_on, is_available) VALUES ('6019524', 189000, 0, 100, '2021-10-06 09:46:40.407301', True); 
INSERT INTO public."Property"(partner_id, partner_code, type_id, district_id, city_id, goal_id, "number", street, size, bedroom_number, room_number, bath_number, parking_number, new_ad) 
                      VALUES (6019521, 'AP00736', 1, 11, 1, 1, '', 'RUA ALTINOPOLIS', 57, 2, 1, 1, 1, True); INSERT INTO public."Management"(partner_id, price, tax_rate, property_tax, created_on, is_available) VALUES ('6019521', 290000, 0, 100, '2021-10-06 09:46:40.507325', True); 
INSERT INTO public."Property"(partner_id, partner_code, type_id, district_id, city_id, goal_id, "number", street, size, bedroom_number, room_number, bath_number, parking_number, new_ad) 
                      VALUES (6019520, 'AP00735', 1, 11, 1, 1, '', 'RUA ALTINOPOLIS', 45, 2, 1, 1, 1, True); INSERT INTO public."Management"(partner_id, price, tax_rate, property_tax, created_on, is_available) VALUES ('6019520', 189000, 0, 100, '2021-10-06 09:46:40.614392', True); 
INSERT INTO public."Property"(partner_id, partner_code, type_id, district_id, city_id, goal_id, "number", street, size, bedroom_number, room_number, bath_number, parking_number, new_ad) 
                      VALUES (6019518, 'AP00739', 1, 11, 1, 1, '', 'RUA OSASCO', 45, 2, 1, 1, 1, True); INSERT INTO public."Management"(partner_id, price, tax_rate, property_tax, created_on, is_available) VALUES ('6019518', 225000, 0, 80, '2021-10-06 09:46:40.727392', True); 
INSERT INTO public."Property"(partner_id, partner_code, type_id, district_id, city_id, goal_id, "number", street, size, bedroom_number, room_number, bath_number, parking_number, new_ad) 
                      VALUES (6019170, 'AP0007_ALINEH', 1, 16, 1, 1, '', 'Rua Sul de Minas', 78, 3, 0, 2, 2, True); INSERT INTO public."Management"(partner_id, price, tax_rate, property_tax, created_on, is_available) VALUES ('6019170', 420000, 1232, 0, '2021-10-06 09:52:46.469686', True); 
INSERT INTO public."Property"(partner_id, partner_code, type_id, district_id, city_id, goal_id, "number", street, size, bedroom_number, room_number, bath_number, parking_number, new_ad) 
                      VALUES (6015617, '369964', 1, 25, 1, 1, '', 'Rua Antonio Orlindo de Castro', 57, 2, 0, 1, 1, True); INSERT INTO public."Management"(partner_id, price, tax_rate, property_tax, created_on, is_available) VALUES ('6015617', 185000, 90, 290, '2021-10-06 10:01:09.306244', True); 
INSERT INTO public."Property"(partner_id, partner_code, type_id, district_id, city_id, goal_id, "number", street, size, bedroom_number, room_number, bath_number, parking_number, new_ad) 
                      VALUES (6015547, '370125', 1, 25, 1, 1, '', 'Rua Doutor Alvaro Camargos', 57, 2, 1, 1, 1, True); INSERT INTO public."Management"(partner_id, price, tax_rate, property_tax, created_on, is_available) VALUES ('6015547', 169000, 73, 0, '2021-10-06 10:01:09.401237', True); 
INSERT INTO public."Property"(partner_id, partner_code, type_id, district_id, city_id, goal_id, "number", street, size, bedroom_number, room_number, bath_number, parking_number, new_ad) 
                      VALUES (6015530, '369976', 1, 25, 1, 1, '', 'Rua Jose Sanguinete', 60, 3, 0, 1, 1, True); INSERT INTO public."Management"(partner_id, price, tax_rate, property_tax, created_on, is_available) VALUES ('6015530', 190000, 59, 245, '2021-10-06 10:01:09.512254', True); 
INSERT INTO public."Property"(partner_id, partner_code, type_id, district_id, city_id, goal_id, "number", street, size, bedroom_number, room_number, bath_number, parking_number, new_ad) 
                      VALUES (6019517, 'AP00741', 1, 49, 1, 1, '', 'RUA MARROCOS', 105, 2, 1, 1, 1, True); INSERT INTO public."Management"(partner_id, price, tax_rate, property_tax, created_on, is_available) VALUES ('6019517', 279000, 0, 180, '2021-10-06 10:19:19.566157', True); 
INSERT INTO public."Property"(partner_id, partner_code, type_id, district_id, city_id, goal_id, "number", street, size, bedroom_number, room_number, bath_number, parking_number, new_ad) 
                      VALUES (6019516, 'AP00740', 1, 49, 1, 1, '', 'RUA MARROCOS', 105, 2, 1, 1, 1, True); INSERT INTO public."Management"(partner_id, price, tax_rate, property_tax, created_on, is_available) VALUES ('6019516', 239000, 0, 180, '2021-10-06 10:19:19.689156', True); 
INSERT INTO public."Property"(partner_id, partner_code, type_id, district_id, city_id, goal_id, "number", street, size, bedroom_number, room_number, bath_number, parking_number, new_ad) 
                      VALUES (2219816, 'AP00273', 1, 49, 1, 1, '', 'RUA JOINVILLE', 50, 2, 1, 1, 1, True); INSERT INTO public."Management"(partner_id, price, tax_rate, property_tax, created_on, is_available) VALUES ('2219816', 199900, 0, 130, '2021-10-06 10:19:23.164453', True); 
INSERT INTO public."Property"(partner_id, partner_code, type_id, district_id, city_id, goal_id, "number", street, size, bedroom_number, room_number, bath_number, parking_number, new_ad) 
                      VALUES (6019181, 'AP0001_ALINEH', 1, 83, 1, 1, '', 'Rua Professor Baeta Viana', 100, 3, 0, 3, 2, True); INSERT INTO public."Management"(partner_id, price, tax_rate, property_tax, created_on, is_available) VALUES ('6019181', 480000, 1215, 335, '2021-10-06 10:44:41.078588', True); 
INSERT INTO public."Property"(partner_id, partner_code, type_id, district_id, city_id, goal_id, "number", street, size, bedroom_number, room_number, bath_number, parking_number, new_ad) 
                      VALUES (6015584, '368079', 1, 102, 1, 1, '', 'Rua Alfenas', 138, 4, 2, 2, 2, True); INSERT INTO public."Management"(partner_id, price, tax_rate, property_tax, created_on, is_available) VALUES ('6015584', 750000, 263, 630, '2021-10-06 10:56:24.528656', True); 
INSERT INTO public."Property"(partner_id, partner_code, type_id, district_id, city_id, goal_id, "number", street, size, bedroom_number, room_number, bath_number, parking_number, new_ad) 
                      VALUES (6015578, '369970', 1, 102, 1, 1, '', 'Rua Minas Novas', 47, 1, 0, 1, 2, True); INSERT INTO public."Management"(partner_id, price, tax_rate, property_tax, created_on, is_available) VALUES ('6015578', 550000, 120, 750, '2021-10-06 10:56:24.635367', True); 
INSERT INTO public."Property"(partner_id, partner_code, type_id, district_id, city_id, goal_id, "number", street, size, bedroom_number, room_number, bath_number, parking_number, new_ad) 
                      VALUES (6006430, '673666', 1, 109, 1, 1, '', 'Rua izaura pereira almeida', 67, 2, 0, 0, 0, True); INSERT INTO public."Management"(partner_id, price, tax_rate, property_tax, created_on, is_available) VALUES ('6006430', 125200, 0, 0, '2021-10-06 11:00:31.407025', True); 
INSERT INTO public."Property"(partner_id, partner_code, type_id, district_id, city_id, goal_id, "number", street, size, bedroom_number, room_number, bath_number, parking_number, new_ad) 
                      VALUES (6006355, '673677', 1, 109, 1, 1, '', 'Rua jovina gomes de souza', 67, 2, 0, 0, 0, True); INSERT INTO public."Management"(partner_id, price, tax_rate, property_tax, created_on, is_available) VALUES ('6006355', 102068, 0, 0, '2021-10-06 11:00:32.950026', True); 
INSERT INTO public."Property"(partner_id, partner_code, type_id, district_id, city_id, goal_id, "number", street, size, bedroom_number, room_number, bath_number, parking_number, new_ad) 
                      VALUES (6003092, 'PH0003_APIMOB', 1, 115, 1, 1, '', 'Rua Maria Helena', 72, 3, 0, 2, 2, True); INSERT INTO public."Management"(partner_id, price, tax_rate, property_tax, created_on, is_available) VALUES ('6003092', 325215, 0, 0, '2021-10-06 11:04:12.276597', True); 
INSERT INTO public."Property"(partner_id, partner_code, type_id, district_id, city_id, goal_id, "number", street, size, bedroom_number, room_number, bath_number, parking_number, new_ad) 
                      VALUES (6015546, '369150', 1, 119, 1, 1, '', 'Rua Guape', 75, 2, 1, 1, 1, True); INSERT INTO public."Management"(partner_id, price, tax_rate, property_tax, created_on, is_available) VALUES ('6015546', 240000, 91, 320, '2021-10-06 11:06:27.353167', True); 
INSERT INTO public."Property"(partner_id, partner_code, type_id, district_id, city_id, goal_id, "number", street, size, bedroom_number, room_number, bath_number, parking_number, new_ad) 
                      VALUES (6002867, 'AP3166_DE', 1, 121, 1, 1, '', 'Rua dos Meloes', 66, 2, 1, 2, 1, True); INSERT INTO public."Management"(partner_id, price, tax_rate, property_tax, created_on, is_available) VALUES ('6002867', 299000, 41, 220, '2021-10-06 11:09:04.702771', True); 
INSERT INTO public."Property"(partner_id, partner_code, type_id, district_id, city_id, goal_id, "number", street, size, bedroom_number, room_number, bath_number, parking_number, new_ad) 
                      VALUES (6014118, '0762', 1, 124, 1, 1, '', 'Rua Jose Balbino Vieira', 52, 2, 1, 1, 1, True); INSERT INTO public."Management"(partner_id, price, tax_rate, property_tax, created_on, is_available) VALUES ('6014118', 225000, 0, 0, '2021-10-06 11:11:04.556067', True); 
INSERT INTO public."Property"(partner_id, partner_code, type_id, district_id, city_id, goal_id, "number", street, size, bedroom_number, room_number, bath_number, parking_number, new_ad) 
                      VALUES (6001496, '9177', 1, 124, 1, 1, '', 'Rua Jose Balbino Vieira', 57, 2, 1, 1, 1, True); INSERT INTO public."Management"(partner_id, price, tax_rate, property_tax, created_on, is_available) VALUES ('6001496', 283500, 1, 1, '2021-10-06 11:11:04.802302', True); 
INSERT INTO public."Property"(partner_id, partner_code, type_id, district_id, city_id, goal_id, "number", street, size, bedroom_number, room_number, bath_number, parking_number, new_ad) 
                      VALUES (6001495, '9176', 1, 124, 1, 1, '', 'Rua Jose Balbino Vieira', 63, 2, 1, 2, 1, True); INSERT INTO public."Management"(partner_id, price, tax_rate, property_tax, created_on, is_available) VALUES ('6001495', 297000, 1, 1, '2021-10-06 11:11:04.985128', True); 
INSERT INTO public."Property"(partner_id, partner_code, type_id, district_id, city_id, goal_id, "number", street, size, bedroom_number, room_number, bath_number, parking_number, new_ad) 
                      VALUES (6001493, '9172', 1, 124, 1, 1, '', 'Rua Jose Balbino Vieira', 70, 2, 1, 2, 1, True); INSERT INTO public."Management"(partner_id, price, tax_rate, property_tax, created_on, is_available) VALUES ('6001493', 351000, 1, 1, '2021-10-06 11:11:09.981315', True); 
INSERT INTO public."Property"(partner_id, partner_code, type_id, district_id, city_id, goal_id, "number", street, size, bedroom_number, room_number, bath_number, parking_number, new_ad) 
                      VALUES (6001492, '9178', 1, 124, 1, 1, '', 'Rua Jose Balbino Vieira', 54, 2, 1, 2, 1, True); INSERT INTO public."Management"(partner_id, price, tax_rate, property_tax, created_on, is_available) VALUES ('6001492', 280000, 1, 1, '2021-10-06 11:11:10.161756', True); 
INSERT INTO public."Property"(partner_id, partner_code, type_id, district_id, city_id, goal_id, "number", street, size, bedroom_number, room_number, bath_number, parking_number, new_ad) 
                      VALUES (6015551, '369945', 1, 127, 1, 1, '', 'Rua Jose de Melo', 130, 3, 0, 2, 2, True); INSERT INTO public."Management"(partner_id, price, tax_rate, property_tax, created_on, is_available) VALUES ('6015551', 460000, 134, 350, '2021-10-06 11:13:00.415215', True); 
INSERT INTO public."Property"(partner_id, partner_code, type_id, district_id, city_id, goal_id, "number", street, size, bedroom_number, room_number, bath_number, parking_number, new_ad) 
                      VALUES (6015626, '369969', 1, 128, 1, 1, '', 'Rua Jose Goncalves Pimenta', 48, 2, 0, 1, 0, True); INSERT INTO public."Management"(partner_id, price, tax_rate, property_tax, created_on, is_available) VALUES ('6015626', 180000, 28, 120, '2021-10-06 11:14:07.074830', True); 
INSERT INTO public."Property"(partner_id, partner_code, type_id, district_id, city_id, goal_id, "number", street, size, bedroom_number, room_number, bath_number, parking_number, new_ad) 
                      VALUES (6015625, '369958', 1, 128, 1, 1, '', 'Praca Padre Lage', 67, 3, 0, 1, 1, True); INSERT INTO public."Management"(partner_id, price, tax_rate, property_tax, created_on, is_available) VALUES ('6015625', 220000, 58, 250, '2021-10-06 11:14:07.298486', True); 
INSERT INTO public."Property"(partner_id, partner_code, type_id, district_id, city_id, goal_id, "number", street, size, bedroom_number, room_number, bath_number, parking_number, new_ad) 
                      VALUES (6015615, '369938', 1, 128, 1, 1, '', 'Rua Maria Manoela Braz', 78, 2, 0, 2, 1, True); INSERT INTO public."Management"(partner_id, price, tax_rate, property_tax, created_on, is_available) VALUES ('6015615', 380000, 82, 286, '2021-10-06 11:14:07.539789', True); 
INSERT INTO public."Property"(partner_id, partner_code, type_id, district_id, city_id, goal_id, "number", street, size, bedroom_number, room_number, bath_number, parking_number, new_ad) 
                      VALUES (6015575, '369935', 1, 133, 1, 1, '', 'Rua Frei Martinho Burnier', 58, 2, 0, 1, 1, True); INSERT INTO public."Management"(partner_id, price, tax_rate, property_tax, created_on, is_available) VALUES ('6015575', 220000, 67, 250, '2021-10-06 11:17:51.918722', True); 
INSERT INTO public."Property"(partner_id, partner_code, type_id, district_id, city_id, goal_id, "number", street, size, bedroom_number, room_number, bath_number, parking_number, new_ad) 
                      VALUES (6015601, '370158', 1, 133, 1, 1, '', 'Rua Gustavo Ladeira', 72, 3, 1, 2, 1, True); INSERT INTO public."Management"(partner_id, price, tax_rate, property_tax, created_on, is_available) VALUES ('6015601', 380000, 0, 485, '2021-10-06 11:17:53.031304', True); 
INSERT INTO public."Property"(partner_id, partner_code, type_id, district_id, city_id, goal_id, "number", street, size, bedroom_number, room_number, bath_number, parking_number, new_ad) 
                      VALUES (6015521, '370153', 1, 136, 1, 1, '', 'Rua Campo Belo', 200, 4, 2, 3, 4, True); INSERT INTO public."Management"(partner_id, price, tax_rate, property_tax, created_on, is_available) VALUES ('6015521', 1450000, 489, 1100, '2021-10-06 11:20:39.134383', True); 
INSERT INTO public."Property"(partner_id, partner_code, type_id, district_id, city_id, goal_id, "number", street, size, bedroom_number, room_number, bath_number, parking_number, new_ad) 
                      VALUES (6015616, '369700', 1, 140, 1, 1, '', 'Rua Bernardo Guimaraes', 130, 4, 1, 2, 1, True); INSERT INTO public."Management"(partner_id, price, tax_rate, property_tax, created_on, is_available) VALUES ('6015616', 960000, 198, 800, '2021-10-06 11:23:45.198729', True); 
INSERT INTO public."Property"(partner_id, partner_code, type_id, district_id, city_id, goal_id, "number", street, size, bedroom_number, room_number, bath_number, parking_number, new_ad) 
                      VALUES (6015596, '370121', 1, 140, 1, 1, '', 'Avenida Augusto de Lima', 50, 1, 1, 1, 0, True); INSERT INTO public."Management"(partner_id, price, tax_rate, property_tax, created_on, is_available) VALUES ('6015596', 260000, 0, 500, '2021-10-06 11:23:45.485060', True); 
INSERT INTO public."Property"(partner_id, partner_code, type_id, district_id, city_id, goal_id, "number", street, size, bedroom_number, room_number, bath_number, parking_number, new_ad) 
                      VALUES (6015544, '369957', 1, 140, 1, 1, '', 'Avenida Augusto de Lima', 105, 3, 0, 1, 0, True); INSERT INTO public."Management"(partner_id, price, tax_rate, property_tax, created_on, is_available) VALUES ('6015544', 410000, 0, 500, '2021-10-06 11:23:45.670727', True); 
INSERT INTO public."Property"(partner_id, partner_code, type_id, district_id, city_id, goal_id, "number", street, size, bedroom_number, room_number, bath_number, parking_number, new_ad) 
                      VALUES (6015516, '369949', 1, 140, 1, 1, '', 'Rua Mato Grosso', 100, 3, 0, 2, 1, True); INSERT INTO public."Management"(partner_id, price, tax_rate, property_tax, created_on, is_available) VALUES ('6015516', 650000, 200, 790, '2021-10-06 11:23:45.943667', True); 
INSERT INTO public."Property"(partner_id, partner_code, type_id, district_id, city_id, goal_id, "number", street, size, bedroom_number, room_number, bath_number, parking_number, new_ad) 
                      VALUES (6015688, 'RG527', 1, 142, 1, 1, '', 'Rua Maria do Carmo', 89, 2, 1, 1, 2, True); INSERT INTO public."Management"(partner_id, price, tax_rate, property_tax, created_on, is_available) VALUES ('6015688', 399000, 0, 0, '2021-10-06 11:25:02.850595', True); 
INSERT INTO public."Property"(partner_id, partner_code, type_id, district_id, city_id, goal_id, "number", street, size, bedroom_number, room_number, bath_number, parking_number, new_ad) 
                      VALUES (6015684, 'PO80', 1, 144, 1, 1, '', 'Rua Patricio Barbosa', 74, 2, 1, 1, 1, True); INSERT INTO public."Management"(partner_id, price, tax_rate, property_tax, created_on, is_available) VALUES ('6015684', 190000, 714, 283, '2021-10-06 11:26:27.448996', True); 
INSERT INTO public."Property"(partner_id, partner_code, type_id, district_id, city_id, goal_id, "number", street, size, bedroom_number, room_number, bath_number, parking_number, new_ad) 
                      VALUES (6015651, '39027', 1, 144, 1, 1, '', 'Rua Visconde de Maua', 15, 2, 1, 1, 1, True); INSERT INTO public."Management"(partner_id, price, tax_rate, property_tax, created_on, is_available) VALUES ('6015651', 179900, 0, 280, '2021-10-06 11:26:27.671901', True); 
INSERT INTO public."Property"(partner_id, partner_code, type_id, district_id, city_id, goal_id, "number", street, size, bedroom_number, room_number, bath_number, parking_number, new_ad) 
                      VALUES (6015527, '369983', 1, 145, 1, 1, '', 'Rua Belfort Roxo', 40, 1, 0, 1, 1, True); INSERT INTO public."Management"(partner_id, price, tax_rate, property_tax, created_on, is_available) VALUES ('6015527', 240000, 8, 300, '2021-10-06 11:27:17.904605', True); 
INSERT INTO public."Property"(partner_id, partner_code, type_id, district_id, city_id, goal_id, "number", street, size, bedroom_number, room_number, bath_number, parking_number, new_ad) 
                      VALUES (6015545, '370093', 1, 148, 1, 1, '', 'Rua Boreal', 65, 3, 1, 1, 1, True); INSERT INTO public."Management"(partner_id, price, tax_rate, property_tax, created_on, is_available) VALUES ('6015545', 255000, 71, 0, '2021-10-06 11:29:06.186454', True); 
INSERT INTO public."Property"(partner_id, partner_code, type_id, district_id, city_id, goal_id, "number", street, size, bedroom_number, room_number, bath_number, parking_number, new_ad) 
                      VALUES (6015611, '369984', 1, 152, 1, 1, '', 'Rua Tancredo da Silva Pinto', 105, 3, 0, 2, 2, True); INSERT INTO public."Management"(partner_id, price, tax_rate, property_tax, created_on, is_available) VALUES ('6015611', 430000, 164, 260, '2021-10-06 11:32:53.350922', True); 
INSERT INTO public."Property"(partner_id, partner_code, type_id, district_id, city_id, goal_id, "number", street, size, bedroom_number, room_number, bath_number, parking_number, new_ad) 
                      VALUES (6015685, 'RG526', 1, 153, 1, 1, '', 'Rua Monte Carmelo', 43, 2, 1, 1, 1, True); INSERT INTO public."Management"(partner_id, price, tax_rate, property_tax, created_on, is_available) VALUES ('6015685', 170000, 339, 270, '2021-10-06 11:33:30.957215', True); 
INSERT INTO public."Property"(partner_id, partner_code, type_id, district_id, city_id, goal_id, "number", street, size, bedroom_number, room_number, bath_number, parking_number, new_ad) 
                      VALUES (6015523, '369981', 1, 162, 1, 1, '', 'Rua Julio Diniz', 81, 2, 0, 1, 1, True); INSERT INTO public."Management"(partner_id, price, tax_rate, property_tax, created_on, is_available) VALUES ('6015523', 245000, 53, 248, '2021-10-06 11:40:44.786994', True); 
INSERT INTO public."Property"(partner_id, partner_code, type_id, district_id, city_id, goal_id, "number", street, size, bedroom_number, room_number, bath_number, parking_number, new_ad) 
                      VALUES (6015532, '369702', 1, 171, 1, 1, '', 'Avenida Professor Magalhaes Penido', 19, 1, 1, 1, 1, True); INSERT INTO public."Management"(partner_id, price, tax_rate, property_tax, created_on, is_available) VALUES ('6015532', 190000, 294, 800, '2021-10-06 11:47:30.494627', True); 
INSERT INTO public."Property"(partner_id, partner_code, type_id, district_id, city_id, goal_id, "number", street, size, bedroom_number, room_number, bath_number, parking_number, new_ad) 
                      VALUES (6015537, '351679', 1, 195, 1, 1, '', 'Rua Paulista', 80, 3, 1, 2, 2, True); INSERT INTO public."Management"(partner_id, price, tax_rate, property_tax, created_on, is_available) VALUES ('6015537', 450000, 0, 0, '2021-10-06 12:05:25.052497', True); 
INSERT INTO public."Property"(partner_id, partner_code, type_id, district_id, city_id, goal_id, "number", street, size, bedroom_number, room_number, bath_number, parking_number, new_ad) 
                      VALUES (6015580, '369955', 1, 199, 1, 1, '', 'Rua General Aranha', 83, 3, 0, 2, 2, True); INSERT INTO public."Management"(partner_id, price, tax_rate, property_tax, created_on, is_available) VALUES ('6015580', 620000, 165, 900, '2021-10-06 12:08:00.115115', True); 
INSERT INTO public."Property"(partner_id, partner_code, type_id, district_id, city_id, goal_id, "number", street, size, bedroom_number, room_number, bath_number, parking_number, new_ad) 
                      VALUES (6015553, '367243', 1, 202, 1, 1, '', 'Rua Paulino Marques Gontijo', 70, 2, 1, 2, 1, True); INSERT INTO public."Management"(partner_id, price, tax_rate, property_tax, created_on, is_available) VALUES ('6015553', 310000, 0, 0, '2021-10-06 12:10:10.424990', True); 
INSERT INTO public."Property"(partner_id, partner_code, type_id, district_id, city_id, goal_id, "number", street, size, bedroom_number, room_number, bath_number, parking_number, new_ad) 
                      VALUES (6015559, '369950', 1, 216, 1, 1, '', 'Rua Irai', 86, 3, 0, 3, 2, True); INSERT INTO public."Management"(partner_id, price, tax_rate, property_tax, created_on, is_available) VALUES ('6015559', 1170000, 0, 400, '2021-10-06 12:19:20.156053', True); 
INSERT INTO public."Property"(partner_id, partner_code, type_id, district_id, city_id, goal_id, "number", street, size, bedroom_number, room_number, bath_number, parking_number, new_ad) 
                      VALUES (6015561, '369947', 1, 239, 1, 1, '', 'Rua Radio', 84, 3, 0, 2, 2, True); INSERT INTO public."Management"(partner_id, price, tax_rate, property_tax, created_on, is_available) VALUES ('6015561', 640000, 217, 930, '2021-10-06 12:34:34.918023', True); 
INSERT INTO public."Property"(partner_id, partner_code, type_id, district_id, city_id, goal_id, "number", street, size, bedroom_number, room_number, bath_number, parking_number, new_ad) 
                      VALUES (6015693, 'RG521', 1, 275, 1, 1, '', 'Rua Christiano Martins da Silva', 50, 2, 1, 1, 1, True); INSERT INTO public."Management"(partner_id, price, tax_rate, property_tax, created_on, is_available) VALUES ('6015693', 204000, 0, 0, '2021-10-06 12:56:18.878249', True); 
INSERT INTO public."Property"(partner_id, partner_code, type_id, district_id, city_id, goal_id, "number", street, size, bedroom_number, room_number, bath_number, parking_number, new_ad) 
                      VALUES (6010609, 'IL0329-A', 1, 297, 1, 1, '', 'Rua Edmon de Sousa Melo', 50, 2, 1, 1, 1, True); INSERT INTO public."Management"(partner_id, price, tax_rate, property_tax, created_on, is_available) VALUES ('6010609', 160000, 0, 180, '2021-10-06 13:09:23.795367', True); 
INSERT INTO public."Property"(partner_id, partner_code, type_id, district_id, city_id, goal_id, "number", street, size, bedroom_number, room_number, bath_number, parking_number, new_ad) 
                      VALUES (400918, '243938', 1, 316, 1, 1, '', 'Rua Perdigao Malheiros', 105, 3, 1, 2, 1, True); INSERT INTO public."Management"(partner_id, price, tax_rate, property_tax, created_on, is_available) VALUES ('400918', 410000, 148, 535, '2021-10-06 13:20:19.907352', True); 
INSERT INTO public."Property"(partner_id, partner_code, type_id, district_id, city_id, goal_id, "number", street, size, bedroom_number, room_number, bath_number, parking_number, new_ad) 
                      VALUES (6015592, '367120', 1, 316, 1, 1, '', 'Avenida Prudente de Morais', 66, 2, 1, 2, 2, True); INSERT INTO public."Management"(partner_id, price, tax_rate, property_tax, created_on, is_available) VALUES ('6015592', 700000, 0, 0, '2021-10-06 13:20:30.846125', True); 
INSERT INTO public."Property"(partner_id, partner_code, type_id, district_id, city_id, goal_id, "number", street, size, bedroom_number, room_number, bath_number, parking_number, new_ad) 
                      VALUES (6015604, '369985', 1, 318, 1, 1, '', 'Rua Artur Itabirano', 144, 3, 0, 2, 2, True); INSERT INTO public."Management"(partner_id, price, tax_rate, property_tax, created_on, is_available) VALUES ('6015604', 1000000, 208, 900, '2021-10-06 13:21:40.554331', True); 
 



 -------------------------------------------------------- Script shot in 2021-10-06 16:12:53.843718 ------------------------------------------------------------------------------------------ 

 INSERT INTO public."Management"(partner_id, price, tax_rate, property_tax, created_on, is_available) VALUES ('5721848', 1490000, 628, 1300, '2021-10-06 15:00:56.409608', False); 
INSERT INTO public."Management"(partner_id, price, tax_rate, property_tax, created_on, is_available) VALUES ('5748256', 490000, 168, 300, '2021-10-06 15:06:20.668367', True); 
INSERT INTO public."Management"(partner_id, price, tax_rate, property_tax, created_on, is_available) VALUES ('5759851', 285000, 0, 0, '2021-10-06 15:06:36.871676', False); 
INSERT INTO public."Management"(partner_id, price, tax_rate, property_tax, created_on, is_available) VALUES ('242023', 500000, 0, 0, '2021-10-06 15:06:50.841095', False); 
INSERT INTO public."Management"(partner_id, price, tax_rate, property_tax, created_on, is_available) VALUES ('5759844', 1390000, 593, 0, '2021-10-06 15:07:16.441787', False); 
INSERT INTO public."Management"(partner_id, price, tax_rate, property_tax, created_on, is_available) VALUES ('5787098', 992850, 260, 390, '2021-10-06 15:08:20.557898', True); 
INSERT INTO public."Management"(partner_id, price, tax_rate, property_tax, created_on, is_available) VALUES ('5840798', 580000, 9, 570, '2021-10-06 15:53:31.882647', False); 
INSERT INTO public."Management"(partner_id, price, tax_rate, property_tax, created_on, is_available) VALUES ('5840790', 650000, 84, 280, '2021-10-06 15:53:47.187157', False); 
INSERT INTO public."Management"(partner_id, price, tax_rate, property_tax, created_on, is_available) VALUES ('5862015', 229000, 0, 0, '2021-10-06 15:54:49.539064', True); 
INSERT INTO public."Management"(partner_id, price, tax_rate, property_tax, created_on, is_available) VALUES ('5896301', 480000, 0, 0, '2021-10-06 16:02:02.889628', False); 
INSERT INTO public."Management"(partner_id, price, tax_rate, property_tax, created_on, is_available) VALUES ('5910614', 570000, 178, 330, '2021-10-06 16:03:49.925670', False); 
INSERT INTO public."Management"(partner_id, price, tax_rate, property_tax, created_on, is_available) VALUES ('324360', 229000, 0, 0, '2021-10-06 16:05:33.418475', True); 
INSERT INTO public."Management"(partner_id, price, tax_rate, property_tax, created_on, is_available) VALUES ('5976016', 375000, 0, 700, '2021-10-06 16:07:44.040060', False); 
INSERT INTO public."Management"(partner_id, price, tax_rate, property_tax, created_on, is_available) VALUES ('5998271', 102068, 0, 0, '2021-10-06 16:10:11.369649', False); 
INSERT INTO public."Management"(partner_id, price, tax_rate, property_tax, created_on, is_available) VALUES ('5998161', 147800, 0, 0, '2021-10-06 16:10:12.246626', False); 
INSERT INTO public."Management"(partner_id, price, tax_rate, property_tax, created_on, is_available) VALUES ('5998121', 125200, 0, 0, '2021-10-06 16:10:13.012162', False); 
INSERT INTO public."Management"(partner_id, price, tax_rate, property_tax, created_on, is_available) VALUES ('5999879', 308800, 300, 100, '2021-10-06 16:10:47.725452', True); 
INSERT INTO public."Management"(partner_id, price, tax_rate, property_tax, created_on, is_available) VALUES ('6006430', 125200, 0, 0, '2021-10-06 16:12:19.253161', False); 
INSERT INTO public."Management"(partner_id, price, tax_rate, property_tax, created_on, is_available) VALUES ('6006355', 102068, 0, 0, '2021-10-06 16:12:20.015522', False); 
 



 -------------------------------------------------------- Script shot in 2021-10-06 16:12:54.035723 ------------------------------------------------------------------------------------------ 

 INSERT INTO public."Job"(name, created_on, has_error, error_description) VALUES ('routine', '2021-10-06 16:12:53.855721', False, ''); 

