

 -------------------------------------------------------- Script shot in 2021-09-14 03:14:32.444964 ------------------------------------------------------------------------------------------ 

 INSERT INTO public."Property"(partner_id, partner_code, type_id, district_id, city_id, goal_id, "number", street, size, bedroom_number, room_number, bath_number, parking_number, new_ad) 
                      VALUES (5417789, '4365', 1, 5, 1, 1, '', 'Rua dos Zapotecas', 90, 3, 1, 1, 1, True); INSERT INTO public."Management"(partner_id, price, tax_rate, property_tax, created_on, is_available) VALUES ('5417789', 269000, 850, 332, '2021-09-14 00:08:24.171928', True); 
INSERT INTO public."Property"(partner_id, partner_code, type_id, district_id, city_id, goal_id, "number", street, size, bedroom_number, room_number, bath_number, parking_number, new_ad) 
                      VALUES (5748283, '348082', 1, 7, 1, 1, '', 'Rua Jose Cleto', 40, 2, 1, 1, 1, True); INSERT INTO public."Management"(partner_id, price, tax_rate, property_tax, created_on, is_available) VALUES ('5748283', 240000, 619, 300, '2021-09-14 00:10:34.860739', True); 
INSERT INTO public."Property"(partner_id, partner_code, type_id, district_id, city_id, goal_id, "number", street, size, bedroom_number, room_number, bath_number, parking_number, new_ad) 
                      VALUES (5748254, '347120', 1, 7, 1, 1, '', 'Avenida Jose Cleto', 45, 2, 1, 1, 1, True); INSERT INTO public."Management"(partner_id, price, tax_rate, property_tax, created_on, is_available) VALUES ('5748254', 185000, 0, 200, '2021-09-14 00:10:34.976713', True); 
INSERT INTO public."Property"(partner_id, partner_code, type_id, district_id, city_id, goal_id, "number", street, size, bedroom_number, room_number, bath_number, parking_number, new_ad) 
                      VALUES (5748274, '348024', 1, 11, 1, 1, '', 'Rua Pedra Coral', 50, 2, 1, 1, 1, True); INSERT INTO public."Management"(partner_id, price, tax_rate, property_tax, created_on, is_available) VALUES ('5748274', 258000, 0, 0, '2021-09-14 00:15:12.127507', True); 
INSERT INTO public."Property"(partner_id, partner_code, type_id, district_id, city_id, goal_id, "number", street, size, bedroom_number, room_number, bath_number, parking_number, new_ad) 
                      VALUES (5748239, '348130', 1, 13, 1, 1, '', 'Rua Monte Siao', 96, 3, 1, 2, 1, True); INSERT INTO public."Management"(partner_id, price, tax_rate, property_tax, created_on, is_available) VALUES ('5748239', 350000, 180, 350, '2021-09-14 00:18:12.808093', True); 
INSERT INTO public."Property"(partner_id, partner_code, type_id, district_id, city_id, goal_id, "number", street, size, bedroom_number, room_number, bath_number, parking_number, new_ad) 
                      VALUES (5748272, '348096', 1, 14, 1, 1, '', 'Rua Chicago', 140, 4, 2, 2, 1, True); INSERT INTO public."Management"(partner_id, price, tax_rate, property_tax, created_on, is_available) VALUES ('5748272', 660000, 0, 0, '2021-09-14 00:19:50.194972', True); 
INSERT INTO public."Property"(partner_id, partner_code, type_id, district_id, city_id, goal_id, "number", street, size, bedroom_number, room_number, bath_number, parking_number, new_ad) 
                      VALUES (5748291, '348146', 1, 15, 1, 1, '', 'Rua da Bahia', 135, 4, 2, 1, 1, True); INSERT INTO public."Management"(partner_id, price, tax_rate, property_tax, created_on, is_available) VALUES ('5748291', 850000, 0, 0, '2021-09-14 00:21:27.359639', True); 
INSERT INTO public."Property"(partner_id, partner_code, type_id, district_id, city_id, goal_id, "number", street, size, bedroom_number, room_number, bath_number, parking_number, new_ad) 
                      VALUES (5748290, '348036', 1, 15, 1, 1, '', 'Rua Sao Paulo', 390, 4, 4, 4, 4, True); INSERT INTO public."Management"(partner_id, price, tax_rate, property_tax, created_on, is_available) VALUES ('5748290', 5000000, 0, 0, '2021-09-14 00:21:27.560208', True); 
INSERT INTO public."Property"(partner_id, partner_code, type_id, district_id, city_id, goal_id, "number", street, size, bedroom_number, room_number, bath_number, parking_number, new_ad) 
                      VALUES (5748294, '348153', 1, 18, 1, 1, '', 'Rua Piaui', 76, 2, 1, 1, 1, True); INSERT INTO public."Management"(partner_id, price, tax_rate, property_tax, created_on, is_available) VALUES ('5748294', 395000, 100, 360, '2021-09-14 00:25:29.269737', True); 
INSERT INTO public."Property"(partner_id, partner_code, type_id, district_id, city_id, goal_id, "number", street, size, bedroom_number, room_number, bath_number, parking_number, new_ad) 
                      VALUES (5748253, '348140', 1, 18, 1, 1, '', 'Rua Manaus', 56, 2, 1, 1, 4, True); INSERT INTO public."Management"(partner_id, price, tax_rate, property_tax, created_on, is_available) VALUES ('5748253', 440000, 135, 400, '2021-09-14 00:25:29.469893', True); 
INSERT INTO public."Property"(partner_id, partner_code, type_id, district_id, city_id, goal_id, "number", street, size, bedroom_number, room_number, bath_number, parking_number, new_ad) 
                      VALUES (5748252, '348143', 1, 21, 1, 1, '', 'Rua Herculano de Freitas', 140, 4, 1, 2, 2, True); INSERT INTO public."Management"(partner_id, price, tax_rate, property_tax, created_on, is_available) VALUES ('5748252', 1070000, 0, 1500, '2021-09-14 00:28:16.898250', True); 
INSERT INTO public."Property"(partner_id, partner_code, type_id, district_id, city_id, goal_id, "number", street, size, bedroom_number, room_number, bath_number, parking_number, new_ad) 
                      VALUES (5748293, '348115', 1, 23, 1, 1, '', 'Avenida dos Engenheiros', 64, 3, 1, 1, 2, True); INSERT INTO public."Management"(partner_id, price, tax_rate, property_tax, created_on, is_available) VALUES ('5748293', 340000, 0, 95, '2021-09-14 00:30:55.369542', True); 
INSERT INTO public."Property"(partner_id, partner_code, type_id, district_id, city_id, goal_id, "number", street, size, bedroom_number, room_number, bath_number, parking_number, new_ad) 
                      VALUES (5748281, '348158', 1, 33, 1, 1, '', 'Rua Professor Lincoln Continentino', 142, 4, 1, 4, 3, True); INSERT INTO public."Management"(partner_id, price, tax_rate, property_tax, created_on, is_available) VALUES ('5748281', 1466355, 0, 0, '2021-09-14 00:42:53.774792', True); 
INSERT INTO public."Property"(partner_id, partner_code, type_id, district_id, city_id, goal_id, "number", street, size, bedroom_number, room_number, bath_number, parking_number, new_ad) 
                      VALUES (5748275, '347125', 1, 33, 1, 1, '', 'Rua Julio Pereira da Silva', 100, 3, 2, 2, 2, True); INSERT INTO public."Management"(partner_id, price, tax_rate, property_tax, created_on, is_available) VALUES ('5748275', 430000, 157, 330, '2021-09-14 00:42:53.993774', True); 
INSERT INTO public."Property"(partner_id, partner_code, type_id, district_id, city_id, goal_id, "number", street, size, bedroom_number, room_number, bath_number, parking_number, new_ad) 
                      VALUES (5748243, '348159', 1, 33, 1, 1, '', 'Rua Professor Lincoln Continentino', 140, 4, 1, 4, 3, True); INSERT INTO public."Management"(partner_id, price, tax_rate, property_tax, created_on, is_available) VALUES ('5748243', 1640000, 0, 0, '2021-09-14 00:42:54.207942', True); 
INSERT INTO public."Property"(partner_id, partner_code, type_id, district_id, city_id, goal_id, "number", street, size, bedroom_number, room_number, bath_number, parking_number, new_ad) 
                      VALUES (5748278, '348093', 1, 36, 1, 1, '', 'Rua Professor Duque', 82, 3, 1, 2, 2, True); INSERT INTO public."Management"(partner_id, price, tax_rate, property_tax, created_on, is_available) VALUES ('5748278', 375000, 131, 0, '2021-09-14 00:44:56.188048', True); 
INSERT INTO public."Property"(partner_id, partner_code, type_id, district_id, city_id, goal_id, "number", street, size, bedroom_number, room_number, bath_number, parking_number, new_ad) 
                      VALUES (5748260, '347771', 1, 37, 1, 1, '', 'Rua Zurick', 130, 3, 2, 2, 1, True); INSERT INTO public."Management"(partner_id, price, tax_rate, property_tax, created_on, is_available) VALUES ('5748260', 340000, 100, 300, '2021-09-14 00:46:04.643671', True); 
INSERT INTO public."Property"(partner_id, partner_code, type_id, district_id, city_id, goal_id, "number", street, size, bedroom_number, room_number, bath_number, parking_number, new_ad) 
                      VALUES (5748287, '348091', 1, 50, 1, 1, '', 'Rua Frei Orlando', 87, 3, 1, 1, 1, True); INSERT INTO public."Management"(partner_id, price, tax_rate, property_tax, created_on, is_available) VALUES ('5748287', 350000, 120, 300, '2021-09-14 00:55:51.229923', True); 
INSERT INTO public."Property"(partner_id, partner_code, type_id, district_id, city_id, goal_id, "number", street, size, bedroom_number, room_number, bath_number, parking_number, new_ad) 
                      VALUES (5748289, '348015', 1, 52, 1, 1, '', 'Rua Clelia', 65, 3, 1, 2, 1, True); INSERT INTO public."Management"(partner_id, price, tax_rate, property_tax, created_on, is_available) VALUES ('5748289', 315000, 98, 0, '2021-09-14 00:57:54.967375', True); 
INSERT INTO public."Property"(partner_id, partner_code, type_id, district_id, city_id, goal_id, "number", street, size, bedroom_number, room_number, bath_number, parking_number, new_ad) 
                      VALUES (5748277, '346870', 1, 69, 1, 1, '', 'Rua Celio de Castro', 56, 3, 1, 2, 1, True); INSERT INTO public."Management"(partner_id, price, tax_rate, property_tax, created_on, is_available) VALUES ('5748277', 250000, 114, 253, '2021-09-14 01:11:29.218301', True); 
INSERT INTO public."Property"(partner_id, partner_code, type_id, district_id, city_id, goal_id, "number", street, size, bedroom_number, room_number, bath_number, parking_number, new_ad) 
                      VALUES (5748299, '348072', 1, 72, 1, 1, '', 'Rua Aloisio Lobao Veras', 48, 2, 1, 1, 1, True); INSERT INTO public."Management"(partner_id, price, tax_rate, property_tax, created_on, is_available) VALUES ('5748299', 215000, 0, 160, '2021-09-14 01:15:10.105668', True); 
INSERT INTO public."Property"(partner_id, partner_code, type_id, district_id, city_id, goal_id, "number", street, size, bedroom_number, room_number, bath_number, parking_number, new_ad) 
                      VALUES (5748385, '2628', 1, 83, 1, 1, '', 'Desembargador Lincoln Prates', 70, 3, 1, 2, 2, True); INSERT INTO public."Management"(partner_id, price, tax_rate, property_tax, created_on, is_available) VALUES ('5748385', 385000, 0, 0, '2021-09-14 01:25:05.336156', True); 
INSERT INTO public."Property"(partner_id, partner_code, type_id, district_id, city_id, goal_id, "number", street, size, bedroom_number, room_number, bath_number, parking_number, new_ad) 
                      VALUES (5748381, '2627', 1, 83, 1, 1, '', 'Desembargador Lincoln Prates', 70, 3, 1, 2, 2, True); INSERT INTO public."Management"(partner_id, price, tax_rate, property_tax, created_on, is_available) VALUES ('5748381', 397000, 0, 0, '2021-09-14 01:25:05.536839', True); 
INSERT INTO public."Property"(partner_id, partner_code, type_id, district_id, city_id, goal_id, "number", street, size, bedroom_number, room_number, bath_number, parking_number, new_ad) 
                      VALUES (5748379, '2629', 1, 83, 1, 1, '', 'Desembargador Lincoln Prates', 70, 3, 1, 2, 2, True); INSERT INTO public."Management"(partner_id, price, tax_rate, property_tax, created_on, is_available) VALUES ('5748379', 375000, 0, 0, '2021-09-14 01:25:05.737362', True); 
INSERT INTO public."Property"(partner_id, partner_code, type_id, district_id, city_id, goal_id, "number", street, size, bedroom_number, room_number, bath_number, parking_number, new_ad) 
                      VALUES (5748263, '347970', 1, 92, 1, 1, '', 'Rua Rio Grande do Norte', 105, 3, 1, 2, 2, True); INSERT INTO public."Management"(partner_id, price, tax_rate, property_tax, created_on, is_available) VALUES ('5748263', 1120000, 0, 0, '2021-09-14 01:31:33.511133', True); 
INSERT INTO public."Property"(partner_id, partner_code, type_id, district_id, city_id, goal_id, "number", street, size, bedroom_number, room_number, bath_number, parking_number, new_ad) 
                      VALUES (5746813, '650634', 1, 103, 1, 1, '', 'Avenida  djalma vieira cristo', 260, 5, 0, 0, 0, True); INSERT INTO public."Management"(partner_id, price, tax_rate, property_tax, created_on, is_available) VALUES ('5746813', 452300, 0, 0, '2021-09-14 01:38:29.372864', True); 
INSERT INTO public."Property"(partner_id, partner_code, type_id, district_id, city_id, goal_id, "number", street, size, bedroom_number, room_number, bath_number, parking_number, new_ad) 
                      VALUES (5746823, '650633', 1, 109, 1, 1, '', 'Rua izaura pereira almeida', 67, 2, 0, 0, 0, True); INSERT INTO public."Management"(partner_id, price, tax_rate, property_tax, created_on, is_available) VALUES ('5746823', 171200, 0, 0, '2021-09-14 01:42:01.982023', True); 
INSERT INTO public."Property"(partner_id, partner_code, type_id, district_id, city_id, goal_id, "number", street, size, bedroom_number, room_number, bath_number, parking_number, new_ad) 
                      VALUES (5748270, '342378', 1, 112, 1, 1, '', 'Rua Padre Demerval Gomes', 89, 3, 1, 2, 1, True); INSERT INTO public."Management"(partner_id, price, tax_rate, property_tax, created_on, is_available) VALUES ('5748270', 370000, 0, 0, '2021-09-14 01:44:16.143119', True); 
INSERT INTO public."Property"(partner_id, partner_code, type_id, district_id, city_id, goal_id, "number", street, size, bedroom_number, room_number, bath_number, parking_number, new_ad) 
                      VALUES (5748280, '348089', 1, 116, 1, 1, '', 'Rua Monsenhor Horta', 65, 2, 1, 2, 1, True); INSERT INTO public."Management"(partner_id, price, tax_rate, property_tax, created_on, is_available) VALUES ('5748280', 283000, 31, 230, '2021-09-14 01:47:12.275219', True); 
INSERT INTO public."Property"(partner_id, partner_code, type_id, district_id, city_id, goal_id, "number", street, size, bedroom_number, room_number, bath_number, parking_number, new_ad) 
                      VALUES (5748249, '348126', 1, 128, 1, 1, '', 'Rua Abdenago Lisboa', 59, 3, 1, 1, 1, True); INSERT INTO public."Management"(partner_id, price, tax_rate, property_tax, created_on, is_available) VALUES ('5748249', 235000, 0, 206, '2021-09-14 01:56:08.419725', True); 
INSERT INTO public."Property"(partner_id, partner_code, type_id, district_id, city_id, goal_id, "number", street, size, bedroom_number, room_number, bath_number, parking_number, new_ad) 
                      VALUES (5748236, '348098', 1, 128, 1, 1, '', 'Rua Nair Pentagna Guimaraes', 75, 3, 1, 2, 2, True); INSERT INTO public."Management"(partner_id, price, tax_rate, property_tax, created_on, is_available) VALUES ('5748236', 380000, 0, 300, '2021-09-14 01:56:08.539143', True); 
INSERT INTO public."Property"(partner_id, partner_code, type_id, district_id, city_id, goal_id, "number", street, size, bedroom_number, room_number, bath_number, parking_number, new_ad) 
                      VALUES (5748297, '348154', 1, 133, 1, 1, '', 'Rua Jose Ribeiro Filho', 63, 2, 1, 2, 2, True); INSERT INTO public."Management"(partner_id, price, tax_rate, property_tax, created_on, is_available) VALUES ('5748297', 375000, 115, 300, '2021-09-14 01:59:00.201296', True); 
INSERT INTO public."Property"(partner_id, partner_code, type_id, district_id, city_id, goal_id, "number", street, size, bedroom_number, room_number, bath_number, parking_number, new_ad) 
                      VALUES (5748300, '348161', 1, 134, 1, 1, '', 'Rua Professor Joao Martins', 90, 3, 1, 2, 2, True); INSERT INTO public."Management"(partner_id, price, tax_rate, property_tax, created_on, is_available) VALUES ('5748300', 560000, 0, 960, '2021-09-14 02:00:06.785979', True); 
INSERT INTO public."Property"(partner_id, partner_code, type_id, district_id, city_id, goal_id, "number", street, size, bedroom_number, room_number, bath_number, parking_number, new_ad) 
                      VALUES (5748251, '348163', 1, 140, 1, 1, '', 'Avenida Augusto de Lima', 45, 1, 1, 1, 0, True); INSERT INTO public."Management"(partner_id, price, tax_rate, property_tax, created_on, is_available) VALUES ('5748251', 280000, 0, 450, '2021-09-14 02:04:22.256680', True); 
INSERT INTO public."Property"(partner_id, partner_code, type_id, district_id, city_id, goal_id, "number", street, size, bedroom_number, room_number, bath_number, parking_number, new_ad) 
                      VALUES (5748267, '348136', 1, 151, 1, 1, '', 'Rua Conde de Linhares', 85, 3, 1, 2, 1, True); INSERT INTO public."Management"(partner_id, price, tax_rate, property_tax, created_on, is_available) VALUES ('5748267', 530000, 0, 605, '2021-09-14 02:11:29.114668', True); 
INSERT INTO public."Property"(partner_id, partner_code, type_id, district_id, city_id, goal_id, "number", street, size, bedroom_number, room_number, bath_number, parking_number, new_ad) 
                      VALUES (5748264, '348107', 1, 152, 1, 1, '', 'Rua Jurua', 65, 2, 1, 1, 1, True); INSERT INTO public."Management"(partner_id, price, tax_rate, property_tax, created_on, is_available) VALUES ('5748264', 380000, 149, 0, '2021-09-14 02:12:15.836791', True); 
INSERT INTO public."Property"(partner_id, partner_code, type_id, district_id, city_id, goal_id, "number", street, size, bedroom_number, room_number, bath_number, parking_number, new_ad) 
                      VALUES (5748242, '348046', 1, 152, 1, 1, '', 'Rua Sao Claret', 95, 3, 1, 2, 2, True); INSERT INTO public."Management"(partner_id, price, tax_rate, property_tax, created_on, is_available) VALUES ('5748242', 428000, 175, 380, '2021-09-14 02:12:16.137586', True); 
INSERT INTO public."Property"(partner_id, partner_code, type_id, district_id, city_id, goal_id, "number", street, size, bedroom_number, room_number, bath_number, parking_number, new_ad) 
                      VALUES (5748315, 'FUT3866', 1, 153, 1, 1, '', 'Oliveiro Marciano', 50, 2, 1, 1, 1, True); INSERT INTO public."Management"(partner_id, price, tax_rate, property_tax, created_on, is_available) VALUES ('5748315', 160000, 0, 350, '2021-09-14 02:12:46.666856', True); 
INSERT INTO public."Property"(partner_id, partner_code, type_id, district_id, city_id, goal_id, "number", street, size, bedroom_number, room_number, bath_number, parking_number, new_ad) 
                      VALUES (5748246, '346858', 1, 158, 1, 1, '', 'Rua Conceicao Vidigal Paulucci', 45, 2, 1, 1, 1, True); INSERT INTO public."Management"(partner_id, price, tax_rate, property_tax, created_on, is_available) VALUES ('5748246', 210000, 0, 0, '2021-09-14 02:15:50.837258', True); 
INSERT INTO public."Property"(partner_id, partner_code, type_id, district_id, city_id, goal_id, "number", street, size, bedroom_number, room_number, bath_number, parking_number, new_ad) 
                      VALUES (5746752, '5982', 1, 162, 1, 1, '', 'Julio Diniz', 111, 3, 1, 2, 1, True); INSERT INTO public."Management"(partner_id, price, tax_rate, property_tax, created_on, is_available) VALUES ('5746752', 399000, 0, 150, '2021-09-14 02:19:33.335498', True); 
INSERT INTO public."Property"(partner_id, partner_code, type_id, district_id, city_id, goal_id, "number", street, size, bedroom_number, room_number, bath_number, parking_number, new_ad) 
                      VALUES (5748269, '345861', 1, 181, 1, 1, '', 'Rua Boaventura', 80, 3, 1, 2, 2, True); INSERT INTO public."Management"(partner_id, price, tax_rate, property_tax, created_on, is_available) VALUES ('5748269', 550000, 0, 0, '2021-09-14 02:30:59.331949', True); 
INSERT INTO public."Property"(partner_id, partner_code, type_id, district_id, city_id, goal_id, "number", street, size, bedroom_number, room_number, bath_number, parking_number, new_ad) 
                      VALUES (5748261, '342724', 1, 187, 1, 1, '', 'Rua Beira-Alta', 75, 3, 1, 2, 2, True); INSERT INTO public."Management"(partner_id, price, tax_rate, property_tax, created_on, is_available) VALUES ('5748261', 430000, 0, 0, '2021-09-14 02:34:06.740508', True); 
INSERT INTO public."Property"(partner_id, partner_code, type_id, district_id, city_id, goal_id, "number", street, size, bedroom_number, room_number, bath_number, parking_number, new_ad) 
                      VALUES (5748276, '346823', 1, 228, 1, 1, '', 'Rua Barra Grande', 45, 2, 1, 1, 1, True); INSERT INTO public."Management"(partner_id, price, tax_rate, property_tax, created_on, is_available) VALUES ('5748276', 190000, 0, 187, '2021-09-14 02:56:51.917141', True); 
INSERT INTO public."Property"(partner_id, partner_code, type_id, district_id, city_id, goal_id, "number", street, size, bedroom_number, room_number, bath_number, parking_number, new_ad) 
                      VALUES (5748255, '348157', 1, 229, 1, 1, '', 'Rua Ludgero Dolabela', 85, 3, 1, 3, 2, True); INSERT INTO public."Management"(partner_id, price, tax_rate, property_tax, created_on, is_available) VALUES ('5748255', 820000, 239, 500, '2021-09-14 02:57:34.800498', True); 
INSERT INTO public."Property"(partner_id, partner_code, type_id, district_id, city_id, goal_id, "number", street, size, bedroom_number, room_number, bath_number, parking_number, new_ad) 
                      VALUES (5748258, '348101', 1, 257, 1, 1, '', 'Rua Emanuel Marzano Matias', 51, 2, 1, 1, 1, True); INSERT INTO public."Management"(partner_id, price, tax_rate, property_tax, created_on, is_available) VALUES ('5748258', 250000, 0, 0, '2021-09-14 03:12:07.823094', True); 
 



 -------------------------------------------------------- Script shot in 2021-09-14 03:14:35.633330 ------------------------------------------------------------------------------------------ 

 no property sold 



 -------------------------------------------------------- Script shot in 2021-09-14 03:14:35.829865 ------------------------------------------------------------------------------------------ 

 INSERT INTO public."Job"(name, created_on, has_error, error_description) VALUES ('routine', '2021-09-14 03:14:35.640334', False, ''); 



 -------------------------------------------------------- Script shot in 2021-09-14 12:15:48.100066 ------------------------------------------------------------------------------------------ 

 INSERT INTO public."Property"(partner_id, partner_code, type_id, district_id, city_id, goal_id, "number", street, size, bedroom_number, room_number, bath_number, parking_number, new_ad) 
                      VALUES (5748286, '348023', 1, 331, 1, 1, '', 'Noraldino de Lima', 57, 2, 2, 2, 1, True); INSERT INTO public."Management"(partner_id, price, tax_rate, property_tax, created_on, is_available) VALUES ('5748286', 315000, 0, 0, '2021-09-14 10:54:03.922662', True); 
 



 -------------------------------------------------------- Script shot in 2021-09-14 12:19:05.607686 ------------------------------------------------------------------------------------------ 

 INSERT INTO public."Management"(partner_id, price, tax_rate, property_tax, created_on, is_available) VALUES ('5743477', 400000, 0, 0, '2021-09-14 12:16:45.919550', False); 
INSERT INTO public."Management"(partner_id, price, tax_rate, property_tax, created_on, is_available) VALUES ('5731842', 330000, 125, 330, '2021-09-14 12:17:35.040975', True); 
 



 -------------------------------------------------------- Script shot in 2021-09-14 12:19:05.829076 ------------------------------------------------------------------------------------------ 

 INSERT INTO public."Job"(name, created_on, has_error, error_description) VALUES ('routine', '2021-09-14 12:19:05.615720', False, ''); 

